Order ID,Order Date,Region,Product Category,Sales Channel,Sales,Revenue,Profit,Quantity,Discount
1001,2023-10-01,North,Electronics,In-Store,2902.78,3129.92,25.62999999999988,91,26.48
1002,2024-11-25,South,Electronics,In-Store,4046.62,4309.67,194.7800000000002,57,27.66
1003,2024-06-18,East,Office Supplies,Online,3824.79,4259.34,170.2800000000002,27,3.14
1004,2024-03-13,East,Electronics,In-Store,854.11,1057.1100000000001,11.330000000000126,75,3.86
1005,2023-04-24,East,Electronics,Online,831.32,1272.66,377.32000000000005,5,16.71
1006,2023-04-24,South,Furniture,In-Store,1414.05,1503.71,-199.7899999999999,71,26.82
1007,2023-02-12,South,Electronics,In-Store,1869.27,2268.83,234.41999999999996,83,29.23
1008,2024-09-24,East,Furniture,Online,2101.43,2532.83,390.9900000000001,57,1.39
1009,2024-03-14,North,Electronics,In-Store,3430.52,3562.34,-63.68999999999983,93,10.67
1010,2024-05-31,South,Electronics,Online,377.73,621.39,152.75999999999996,15,6.39
1011,2023-01-16,North,Electronics,Online,269.9,394.37,-120.55999999999997,99,22.68
1012,2024-12-09,West,Electronics,Online,2020.36,2388.33,118.98000000000002,76,19.21
1013,2024-08-30,West,Office Supplies,Online,3516.1,3807.0099999999998,-3.200000000000159,30,3.6
1014,2023-06-05,North,Electronics,Online,1047.83,1383.73,175.38000000000008,20,14.51
1015,2023-05-13,East,Furniture,In-Store,3243.37,3381.79,-8.969999999999914,37,20.56
1016,2023-05-14,West,Electronics,Online,1373.16,1518.45,-85.68000000000004,3,23.37
1017,2023-08-11,North,Electronics,In-Store,4441.82,4510.49,11.58000000000007,73,0.6
1018,2024-01-19,South,Office Supplies,Online,4488.88,4683.81,21.790000000000305,41,26.71
1019,2023-11-12,West,Electronics,Online,1556.71,1858.6,128.93999999999988,39,17.08
1020,2023-08-01,North,Furniture,In-Store,1226.97,1663.04,391.0199999999999,26,24.36
1021,2024-03-22,South,Office Supplies,Online,2115.39,2465.5099999999998,213.0799999999999,2,24.24
1022,2023-04-12,North,Furniture,Online,1278.6,1524.53,-12.989999999999952,23,5.7
1023,2023-08-02,West,Office Supplies,In-Store,3394.68,3873.58,219.18000000000006,23,3.31
1024,2023-09-25,West,Electronics,Online,4147.72,4521.38,325.86999999999983,85,21.64
1025,2023-11-29,West,Electronics,Online,3398.15,3866.7200000000003,423.1700000000002,16,4.69
1026,2024-07-27,South,Electronics,Online,4139.32,4426.73,193.85999999999984,9,25.5
1027,2023-05-26,East,Furniture,In-Store,2045.26,2211.77,-98.42000000000002,13,21.79
1028,2024-01-11,East,Office Supplies,In-Store,865.95,939.72,17.67999999999998,28,25.25
1029,2024-03-08,North,Electronics,In-Store,3715.96,4092.7,155.1399999999998,27,8.97
1030,2023-02-03,East,Furniture,In-Store,1866.33,1970.9199999999998,56.25999999999992,51,9.5
1031,2024-03-19,North,Electronics,Online,3389.23,3575.48,-8.22999999999999,64,20.14
1032,2023-05-05,South,Furniture,Online,1426.16,1715.77,169.9099999999999,52,0.94
1033,2023-02-17,North,Electronics,In-Store,498.03,802.02,63.09,81,21.79
1034,2024-11-23,North,Office Supplies,Online,4963.65,5283.91,234.8300000000002,38,25.07
1035,2024-12-05,North,Furniture,Online,865.39,990.2,-74.16999999999993,65,12.45
1036,2024-08-13,South,Electronics,Online,4943.26,5164.14,134.8900000000001,18,22.95
1037,2023-08-11,North,Electronics,Online,4888.67,5216.41,107.91999999999979,63,5.24
1038,2023-03-13,East,Electronics,In-Store,3989.71,4476.13,221.79000000000008,51,9.67
1039,2024-05-14,North,Electronics,Online,3331.17,3708.6,321.92999999999984,9,29.23
1040,2023-11-18,North,Electronics,Online,2931.25,3396.42,202.5200000000001,13,29.59
1041,2023-03-31,South,Office Supplies,Online,4343.9,4736.9,206.8,40,15.38
1042,2023-12-28,East,Furniture,In-Store,1518.25,1834.52,260.67999999999995,55,28.03
1043,2023-01-26,North,Furniture,Online,2391.64,2528.0499999999997,-3.3000000000001535,79,15.68
1044,2024-10-25,South,Electronics,Online,3135.01,3485.0200000000004,284.9700000000002,43,8.75
1045,2023-07-08,East,Office Supplies,In-Store,2114.83,2445.35,114.41999999999999,44,8.01
1046,2024-04-28,South,Furniture,In-Store,2194.68,2515.79,88.63000000000014,68,27.89
1047,2023-08-16,North,Electronics,Online,1718.39,1988.79,220.77999999999986,33,5.17
1048,2024-01-15,North,Furniture,Online,2864.74,3152.64,126.18000000000009,24,17.39
1049,2024-02-04,East,Furniture,Online,4267.82,4468.32,-47.599999999999994,36,16.67
1050,2023-05-15,North,Electronics,Online,1087.49,1371.18,1.5600000000000591,10,22.19
1051,2024-12-08,East,Electronics,Online,4678.72,4817.62,-24.890000000000356,20,14.98
1052,2024-07-19,South,Electronics,Online,3476.53,3888.86,126.24999999999994,75,8.17
1053,2024-11-16,West,Electronics,Online,4134.04,4267.64,-36.389999999999645,12,5.08
1054,2024-10-15,East,Office Supplies,Online,2825.33,2913.56,-42.139999999999986,62,18.62
1055,2024-03-12,West,Office Supplies,In-Store,3919.63,4165.9400000000005,-11.1899999999996,18,21.57
1056,2024-11-03,North,Furniture,In-Store,179.38,525.62,188.20000000000002,94,17.09
1057,2023-03-06,East,Electronics,In-Store,4110.06,4357.030000000001,94.84000000000026,63,22.15
1058,2023-05-24,South,Electronics,Online,296.68,471.22,17.25000000000003,84,4.25
1059,2023-02-03,South,Furniture,Online,4460.58,4761.76,44.08000000000027,25,26.47
1060,2023-08-26,South,Furniture,In-Store,4960.62,5166.7699999999995,-46.79000000000036,12,17.47
1061,2023-10-11,East,Electronics,Online,1540.93,2010.72,336.79999999999995,21,3.81
1062,2023-07-18,West,Furniture,Online,1130.56,1595.75,351.87000000000006,25,13.86
1063,2024-08-27,East,Office Supplies,Online,3850.28,4126.35,118.33000000000015,11,25.34
1064,2023-09-18,South,Electronics,In-Store,1339.83,1537.3799999999999,17.16999999999996,64,26.93
1065,2023-07-25,South,Electronics,In-Store,4341.26,4722.97,294.98,73,7.94
1066,2024-02-01,East,Furniture,Online,603.93,670.4499999999999,-175.79000000000002,50,21.34
1067,2023-04-13,North,Electronics,Online,717.18,980.8299999999999,107.42999999999998,62,3.0
1068,2024-08-08,North,Electronics,In-Store,4897.84,5099.1900000000005,87.82000000000036,89,1.01
1069,2023-02-24,North,Electronics,Online,3401.81,3866.05,414.33000000000027,99,16.81
1070,2024-12-21,North,Electronics,In-Store,4249.75,4305.15,-31.48000000000036,96,20.84
1071,2024-07-17,North,Furniture,In-Store,1689.21,1987.98,12.96999999999997,49,23.87
1072,2023-05-26,North,Furniture,In-Store,3414.77,3798.07,277.8700000000002,14,10.21
1073,2023-01-05,North,Electronics,Online,3011.78,3280.04,200.97999999999976,1,0.2
1074,2024-08-18,North,Office Supplies,Online,3055.44,3143.87,-60.56000000000017,81,14.39
1075,2024-05-31,West,Office Supplies,Online,3444.41,3932.02,381.6300000000001,25,0.48
1076,2024-06-16,South,Office Supplies,In-Store,2919.26,3202.36,253.2599999999999,59,2.76
1077,2024-07-17,North,Electronics,In-Store,2202.41,2528.79,215.9000000000001,72,9.8
1078,2023-02-24,South,Electronics,Online,1452.02,1608.49,-15.879999999999967,69,13.12
1079,2023-09-19,North,Office Supplies,Online,3866.05,4133.62,93.08999999999972,5,8.38
1080,2023-03-26,West,Furniture,In-Store,1208.73,1451.85,123.27999999999989,99,17.46
1081,2024-09-22,East,Electronics,In-Store,3492.54,3576.24,-61.54000000000019,19,1.66
1082,2024-03-31,North,Electronics,In-Store,1243.33,1341.1,-192.58000000000004,23,4.34
1083,2023-08-30,South,Electronics,Online,3164.12,3590.98,301.20000000000016,9,20.86
1084,2023-02-16,East,Office Supplies,Online,3760.68,3918.6,65.62000000000008,94,4.26
1085,2023-08-16,West,Furniture,In-Store,1171.7,1309.43,49.56000000000002,50,19.19
1086,2023-08-26,South,Electronics,In-Store,393.72,670.9300000000001,129.04000000000005,16,1.64
1087,2024-06-16,South,Electronics,Online,741.77,1137.71,163.27000000000007,33,12.22
1088,2024-04-10,North,Furniture,Online,3069.39,3147.27,0.20000000000010232,2,5.32
1089,2024-10-09,West,Office Supplies,Online,4262.29,4571.85,90.9600000000004,14,3.29
1090,2023-12-11,North,Electronics,Online,320.48,424.12,77.71999999999998,1,17.01
1091,2023-03-29,West,Furniture,Online,3697.34,3763.75,-70.89000000000016,90,27.85
1092,2024-06-04,South,Office Supplies,In-Store,1772.46,1846.19,-163.51,58,1.64
1093,2024-07-09,South,Electronics,Online,2444.79,2870.16,310.51999999999987,89,12.65
1094,2024-02-14,South,Furniture,In-Store,4651.41,4754.5,-74.75999999999985,16,21.23
1095,2024-07-16,North,Electronics,Online,1726.66,1796.98,-7.070000000000064,79,13.88
1096,2023-12-27,North,Furniture,In-Store,2380.15,2627.2000000000003,19.29000000000019,90,24.19
1097,2024-01-17,North,Furniture,In-Store,167.04,596.84,395.1600000000001,47,5.39
1098,2023-11-09,North,Furniture,Online,499.83,667.91,-90.63,44,28.79
1099,2023-01-19,East,Furniture,Online,1367.1,1606.87,164.27999999999997,80,11.55
1100,2023-03-20,North,Electronics,Online,236.48,304.45,-196.85999999999999,14,10.25
1101,2023-01-23,North,Office Supplies,Online,3193.74,3445.83,133.38000000000017,93,26.24
1102,2024-04-09,West,Furniture,In-Store,2189.35,2499.2799999999997,87.57999999999984,24,16.92
1103,2023-08-18,East,Electronics,In-Store,2785.91,3092.8199999999997,197.52999999999986,55,15.49
1104,2024-01-07,West,Furniture,Online,955.77,1155.36,-74.0700000000001,15,21.81
1105,2024-10-24,West,Furniture,Online,1550.07,1742.06,136.53,83,17.4
1106,2023-07-01,North,Electronics,Online,3352.74,3450.72,27.990000000000023,72,4.88
1107,2023-10-27,North,Office Supplies,In-Store,4829.98,5045.04,57.01000000000039,34,20.23
1108,2024-07-05,East,Office Supplies,Online,347.04,441.81,51.829999999999984,2,4.0
1109,2023-06-17,South,Electronics,Online,4462.88,4857.85,320.10000000000025,27,24.18
1110,2023-02-26,North,Office Supplies,In-Store,2926.72,3411.54,200.57000000000016,74,29.69
1111,2023-07-31,East,Electronics,In-Store,2863.21,3349.74,193.10999999999973,99,11.32
1112,2023-04-28,North,Electronics,Online,2551.36,2990.6400000000003,313.9300000000002,87,13.34
1113,2024-11-09,North,Electronics,In-Store,440.03,760.39,41.84000000000003,72,1.39
1114,2024-08-12,South,Office Supplies,Online,540.4,905.79,192.83999999999997,92,0.41
1115,2024-04-07,South,Furniture,Online,3044.47,3222.81,82.81000000000014,23,27.64
1116,2024-09-28,South,Electronics,In-Store,1770.7,2104.55,117.18000000000015,68,3.86
1117,2024-08-09,North,Electronics,In-Store,4594.61,4849.65,50.549999999999955,14,13.37
1118,2023-05-17,East,Furniture,Online,2092.29,2359.2,-30.050000000000125,63,24.46
1119,2024-10-13,North,Electronics,Online,802.08,1193.08,296.7899999999999,93,26.68
1120,2024-01-29,North,Office Supplies,Online,3602.12,3778.98,-31.31999999999988,65,15.58
1121,2024-08-12,East,Office Supplies,Online,1537.43,1730.5500000000002,158.55000000000013,68,16.95
1122,2024-10-16,West,Furniture,Online,2674.8,3140.8900000000003,414.27000000000015,63,20.09
1123,2023-08-21,East,Office Supplies,Online,3519.38,3594.6800000000003,54.20000000000018,96,28.84
1124,2023-03-22,East,Electronics,Online,4511.29,4779.83,-31.31000000000006,97,18.08
1125,2023-06-16,South,Office Supplies,In-Store,3981.74,4442.5,216.12000000000023,90,16.78
1126,2023-11-08,South,Furniture,In-Store,3414.17,3738.83,84.37999999999985,81,0.44
1127,2024-08-20,North,Furniture,In-Store,3430.2,3726.08,133.1600000000001,87,2.43
1128,2024-09-20,South,Electronics,Online,4735.03,4897.41,58.36000000000011,64,17.32
1129,2023-01-06,North,Office Supplies,In-Store,1549.54,1754.01,142.12000000000003,32,28.09
1130,2024-01-08,North,Electronics,In-Store,105.45,538.87,333.71000000000004,79,26.0
1131,2023-11-01,East,Electronics,In-Store,1432.58,1734.23,176.3800000000001,13,29.48
1132,2023-06-12,South,Electronics,In-Store,1167.67,1449.3000000000002,49.8600000000001,66,15.84
1133,2023-03-29,North,Furniture,In-Store,3342.99,3437.7999999999997,-76.30000000000007,19,23.64
1134,2023-09-04,North,Furniture,Online,3205.19,3262.4,15.510000000000034,24,25.21
1135,2024-11-19,South,Furniture,Online,3007.96,3491.62,458.60999999999984,88,19.44
1136,2023-08-24,North,Office Supplies,In-Store,179.59,399.23,170.99,11,10.16
1137,2024-01-14,East,Electronics,In-Store,3671.01,3992.46,186.50999999999982,59,14.1
1138,2024-05-28,South,Furniture,In-Store,1685.3,1771.17,-195.4199999999999,86,25.74
1139,2023-09-23,South,Electronics,Online,3358.77,3716.17,158.9300000000001,15,8.96
1140,2024-12-10,South,Office Supplies,Online,2827.23,3296.89,225.14999999999986,10,27.71
1141,2024-12-03,East,Office Supplies,Online,1779.38,2088.4300000000003,158.47000000000017,41,6.89
1142,2023-07-03,North,Furniture,In-Store,759.42,866.17,-14.519999999999996,27,22.49
1143,2023-12-29,South,Furniture,Online,562.65,874.42,261.41999999999996,60,18.92
1144,2023-08-08,South,Electronics,Online,4174.44,4569.299999999999,129.59999999999968,73,22.49
1145,2023-07-27,North,Electronics,Online,4600.15,4833.04,-6.389999999999674,52,13.12
1146,2023-01-27,East,Office Supplies,Online,3283.96,3729.89,378.85999999999984,28,27.98
1147,2024-03-20,East,Electronics,In-Store,606.83,948.74,178.47999999999996,65,18.97
1148,2024-01-02,South,Electronics,In-Store,2069.93,2524.5899999999997,298.1999999999998,17,8.65
1149,2023-02-07,East,Electronics,In-Store,3671.8,4002.38,135.54999999999993,95,19.15
1150,2023-07-23,East,Office Supplies,Online,3921.12,4030.2,-175.85000000000008,44,8.6
1151,2024-10-25,East,Electronics,In-Store,679.27,868.63,7.02000000000001,10,8.81
1152,2023-06-24,East,Electronics,Online,100.15,240.96,-30.44999999999999,63,11.99
1153,2023-04-16,South,Furniture,In-Store,3589.47,4048.4399999999996,424.87999999999977,93,25.57
1154,2023-12-24,South,Office Supplies,Online,1847.32,2239.5,354.57000000000005,82,15.01
1155,2024-12-20,South,Electronics,Online,1346.96,1701.3400000000001,281.92000000000013,47,20.37
1156,2023-06-26,East,Electronics,In-Store,163.2,348.63,156.34,38,11.76
1157,2024-05-05,North,Electronics,In-Store,2747.47,2880.29,-95.31999999999982,70,7.91
1158,2024-07-09,East,Electronics,Online,4270.64,4661.04,167.86999999999964,76,28.64
1159,2023-06-23,East,Electronics,In-Store,4792.4,5055.7699999999995,205.2699999999999,53,18.11
1160,2024-06-15,North,Furniture,Online,2872.15,3023.76,-102.48999999999987,78,28.02
1161,2023-09-26,East,Furniture,Online,2620.86,2948.34,264.14,44,6.1
1162,2024-04-06,North,Furniture,Online,516.78,584.93,-36.18000000000002,74,4.41
1163,2024-04-07,North,Electronics,Online,2789.48,2986.26,107.0700000000002,54,25.67
1164,2024-01-27,East,Office Supplies,Online,1961.9,2222.75,136.5999999999999,20,20.43
1165,2023-03-07,North,Electronics,Online,3074.96,3191.54,25.269999999999925,79,5.6
1166,2024-09-01,East,Office Supplies,Online,2004.76,2497.85,336.17999999999995,31,8.08
1167,2023-08-23,East,Furniture,In-Store,1277.47,1421.56,10.019999999999925,7,24.02
1168,2023-05-17,South,Electronics,Online,565.33,673.99,-187.58000000000004,58,13.62
1169,2023-01-30,North,Furniture,In-Store,1643.1,1784.6899999999998,105.92999999999992,10,20.12
1170,2024-03-07,North,Electronics,Online,573.56,969.6399999999999,336.2699999999999,10,9.55
1171,2024-05-09,South,Furniture,In-Store,966.8,1208.28,206.69000000000003,39,11.44
1172,2023-01-13,West,Electronics,Online,4937.95,5242.389999999999,109.19999999999959,28,29.72
1173,2024-01-09,South,Electronics,Online,2276.11,2335.56,24.18999999999982,30,7.43
1174,2023-06-15,North,Office Supplies,Online,2706.17,2771.66,-188.7100000000002,37,15.19
1175,2024-04-15,South,Electronics,Online,4380.73,4631.349999999999,87.27999999999989,67,25.33
1176,2023-05-08,South,Office Supplies,Online,4978.29,5395.78,249.92999999999978,43,7.18
1177,2024-05-19,East,Electronics,In-Store,2955.3,3403.6600000000003,271.1100000000001,79,12.46
1178,2023-10-10,North,Furniture,In-Store,4081.12,4170.14,21.19000000000044,85,18.45
1179,2024-11-14,East,Furniture,In-Store,1702.01,1994.27,216.91,52,14.44
1180,2023-04-11,South,Furniture,In-Store,1598.15,2059.1,351.67999999999984,56,13.79
1181,2023-09-06,West,Electronics,Online,2073.25,2297.84,38.41000000000014,76,10.88
1182,2023-03-24,North,Electronics,Online,3395.29,3818.59,344.4700000000002,68,17.6
1183,2024-11-06,South,Electronics,Online,3442.74,3552.8999999999996,57.589999999999854,9,18.73
1184,2024-10-02,West,Electronics,Online,1644.67,2115.6,179.29999999999984,92,19.6
1185,2023-07-08,North,Furniture,Online,752.73,1140.87,361.9899999999999,23,2.11
1186,2024-04-26,West,Office Supplies,Online,3198.74,3672.3399999999997,228.83999999999992,63,18.93
1187,2024-08-19,South,Office Supplies,Online,728.8,1083.28,113.83000000000001,61,28.6
1188,2024-02-10,North,Furniture,Online,2934.61,3148.1400000000003,110.3100000000002,40,16.23
1189,2024-01-22,North,Furniture,In-Store,3497.77,3969.95,414.1999999999998,44,21.46
1190,2023-06-26,East,Furniture,In-Store,3533.0,3707.01,113.23000000000022,86,16.7
1191,2023-03-09,North,Electronics,Online,3792.01,3991.4900000000002,-15.799999999999983,24,25.64
1192,2024-10-16,South,Office Supplies,In-Store,4377.01,4742.37,165.36999999999966,51,27.89
1193,2024-10-19,North,Furniture,In-Store,2549.8,2944.19,155.21999999999989,58,5.53
1194,2024-04-07,South,Furniture,Online,3678.22,4146.45,185.74,90,13.11
1195,2023-09-05,North,Electronics,Online,3133.95,3276.1099999999997,-71.58000000000015,94,11.77
1196,2023-09-12,East,Electronics,Online,1014.54,1423.6399999999999,345.4599999999999,33,12.16
1197,2024-06-13,West,Electronics,In-Store,225.88,608.23,294.19000000000005,16,3.77
1198,2024-10-16,West,Office Supplies,In-Store,1494.25,1572.96,-177.09999999999997,22,24.41
1199,2024-10-09,East,Furniture,Online,2270.87,2495.12,145.64,57,1.07
1200,2024-07-23,North,Electronics,Online,3123.82,3301.0600000000004,136.93000000000023,62,15.85
1201,2024-04-13,East,Office Supplies,Online,4264.8,4451.820000000001,-29.89999999999955,82,19.86
1202,2023-03-03,North,Electronics,Online,1061.6,1553.9299999999998,359.6199999999999,71,6.22
1203,2023-04-28,North,Electronics,Online,715.19,1054.44,61.639999999999986,90,27.18
1204,2024-10-17,North,Electronics,In-Store,4821.05,5194.0,170.87999999999982,72,25.16
1205,2024-03-18,South,Furniture,In-Store,629.42,1118.9,444.16000000000014,70,14.13
1206,2023-01-07,East,Office Supplies,In-Store,2444.61,2664.3500000000004,-65.65999999999974,30,12.33
1207,2023-03-16,South,Electronics,In-Store,2969.26,3380.09,318.42999999999995,23,7.1
1208,2024-04-29,South,Office Supplies,In-Store,2752.73,2998.27,131.11999999999995,32,21.9
1209,2023-01-04,North,Electronics,Online,521.56,962.8499999999999,308.65999999999997,86,3.95
1210,2023-04-28,West,Office Supplies,In-Store,379.43,510.73,96.96000000000001,57,20.41
1211,2024-02-05,South,Furniture,Online,616.87,1093.33,317.43999999999994,9,25.27
1212,2024-05-20,South,Office Supplies,In-Store,2969.38,3117.83,93.91999999999982,31,6.85
1213,2024-04-20,North,Electronics,Online,2767.29,2964.09,64.53000000000017,71,25.99
1214,2023-06-13,East,Office Supplies,In-Store,1245.33,1635.62,272.09,9,1.0
1215,2024-06-03,South,Furniture,Online,3225.09,3452.28,-9.209999999999951,13,27.38
1216,2023-06-23,North,Electronics,Online,4118.33,4442.03,78.80999999999983,58,3.55
1217,2023-08-26,North,Office Supplies,Online,303.74,553.8,187.09999999999994,3,19.37
1218,2024-06-28,South,Electronics,Online,2540.84,2924.9100000000003,261.44000000000017,35,7.5
1219,2024-04-19,South,Office Supplies,In-Store,3477.62,3630.37,28.209999999999994,97,25.1
1220,2024-09-11,North,Electronics,In-Store,1336.33,1412.6399999999999,13.919999999999945,21,15.37
1221,2024-04-25,West,Furniture,Online,1608.08,1793.05,-58.599999999999966,64,4.06
1222,2024-02-19,North,Furniture,Online,3106.83,3370.27,45.420000000000044,95,17.13
1223,2023-03-10,South,Electronics,Online,4499.88,4625.49,52.29999999999967,52,12.24
1224,2023-09-26,West,Electronics,Online,4068.63,4278.29,86.97999999999985,34,19.84
1225,2023-07-13,South,Electronics,Online,2957.34,3187.33,180.3599999999998,96,26.46
1226,2023-06-28,South,Electronics,In-Store,3678.09,3753.92,-120.07000000000008,35,12.28
1227,2024-12-11,North,Electronics,Online,1887.63,2200.12,258.50999999999976,15,8.7
1228,2023-10-14,North,Furniture,Online,3240.73,3688.68,151.88999999999982,96,0.44
1229,2024-10-13,West,Electronics,Online,2384.29,2502.57,-120.3099999999998,6,17.25
1230,2024-04-05,South,Electronics,Online,1030.69,1349.7,189.73999999999998,85,12.07
1231,2024-08-03,East,Furniture,Online,3538.52,3887.65,167.1300000000001,97,11.24
1232,2024-01-02,North,Electronics,In-Store,2826.68,3065.3799999999997,-36.48000000000019,32,5.49
1233,2024-02-26,North,Office Supplies,Online,1857.25,2222.74,190.33999999999978,52,12.9
1234,2023-12-26,North,Office Supplies,Online,4565.56,4800.39,165.9699999999999,83,29.53
1235,2023-05-23,South,Furniture,Online,202.58,479.66999999999996,151.0499999999999,97,8.93
1236,2024-06-11,North,Furniture,Online,1647.29,1700.6,-202.77000000000004,28,17.99
1237,2023-07-24,East,Office Supplies,Online,378.72,739.99,160.89,95,23.29
1238,2023-01-18,South,Electronics,In-Store,3855.98,4203.58,145.39999999999992,85,22.47
1239,2024-04-16,West,Electronics,In-Store,3540.33,3607.61,-195.42999999999978,98,9.86
1240,2023-05-10,North,Electronics,Online,1723.63,1939.3400000000001,-54.599999999999966,64,18.33
1241,2024-11-17,East,Furniture,Online,3410.75,3901.31,213.01999999999992,79,26.14
1242,2024-11-27,East,Electronics,Online,2040.09,2279.42,192.77000000000015,78,0.46
1243,2024-10-29,East,Furniture,Online,3805.64,4081.52,103.5200000000001,19,13.07
1244,2023-09-28,East,Office Supplies,In-Store,2325.5,2784.9700000000003,232.13000000000025,15,6.73
1245,2023-01-12,East,Office Supplies,In-Store,2120.17,2492.94,140.82999999999998,6,11.66
1246,2024-11-08,South,Furniture,Online,4680.18,4992.110000000001,122.0500000000003,73,12.48
1247,2023-11-09,North,Electronics,Online,1329.31,1738.32,342.31,84,22.4
1248,2024-12-06,North,Office Supplies,Online,690.19,1129.15,195.68000000000004,98,2.81
1249,2024-12-04,West,Furniture,In-Store,2964.26,3219.86,33.969999999999914,38,15.38
1250,2024-09-14,South,Electronics,In-Store,4849.68,5113.4800000000005,219.68000000000018,26,16.93
1251,2023-08-03,East,Electronics,Online,1951.41,2175.13,73.85000000000002,82,14.82
1252,2023-10-09,South,Office Supplies,Online,403.98,889.0,416.31,92,21.96
1253,2024-09-13,North,Furniture,In-Store,1762.6,2126.3199999999997,249.2299999999998,51,11.51
1254,2023-08-20,North,Office Supplies,Online,2579.07,2666.52,62.389999999999816,73,28.35
1255,2023-05-04,South,Office Supplies,Online,893.42,1331.75,306.24,96,14.45
1256,2024-02-11,South,Furniture,Online,3324.7,3590.95,92.28,53,17.14
1257,2024-11-14,North,Furniture,In-Store,4988.97,5069.91,-112.54000000000039,56,24.77
1258,2024-05-23,South,Electronics,Online,2313.52,2610.89,91.58999999999989,59,8.26
1259,2024-02-21,North,Electronics,Online,1838.17,2075.89,-16.440000000000197,70,2.26
1260,2023-03-12,South,Electronics,In-Store,2063.45,2508.4399999999996,364.6599999999998,78,21.23
1261,2024-03-24,North,Furniture,Online,664.22,806.02,88.06999999999996,92,14.49
1262,2024-12-23,East,Furniture,Online,4428.04,4849.95,163.47999999999985,58,26.9
1263,2023-04-13,North,Office Supplies,Online,2132.65,2433.61,237.11000000000004,88,29.48
1264,2024-01-14,South,Electronics,Online,1997.64,2072.21,-218.36000000000007,13,11.97
1265,2024-10-02,North,Furniture,In-Store,3332.48,3819.81,231.41999999999993,43,12.46
1266,2024-06-24,North,Furniture,Online,2265.96,2546.64,120.42999999999984,76,12.24
1267,2024-05-23,North,Furniture,Online,3276.34,3457.23,-113.91000000000014,51,9.74
1268,2024-05-27,South,Furniture,Online,401.09,662.3199999999999,213.95999999999995,19,23.45
1269,2023-09-20,South,Electronics,In-Store,4087.24,4523.28,331.17999999999995,21,22.77
1270,2023-08-03,North,Furniture,In-Store,4708.47,4895.68,-11.489999999999952,91,14.36
1271,2024-08-13,South,Electronics,Online,3278.95,3415.6499999999996,18.699999999999818,83,1.34
1272,2024-08-14,East,Electronics,Online,4777.37,4885.45,-171.86000000000007,24,9.29
1273,2024-09-24,East,Electronics,In-Store,842.02,1026.06,145.65999999999997,26,8.77
1274,2024-10-28,North,Furniture,Online,2439.34,2840.36,227.17999999999998,45,24.33
1275,2024-01-09,South,Office Supplies,In-Store,3048.85,3311.08,76.79000000000002,28,2.63
1276,2024-01-02,North,Furniture,In-Store,2950.51,3102.88,-50.3900000000001,82,24.17
1277,2024-08-05,North,Furniture,In-Store,2067.16,2191.94,33.1900000000002,29,20.08
1278,2024-04-19,West,Furniture,Online,1756.61,1956.34,77.65000000000002,17,21.97
1279,2024-05-27,North,Furniture,Online,721.44,1194.41,216.74,68,12.97
1280,2024-08-03,South,Electronics,In-Store,2019.54,2223.9,129.78000000000014,44,20.39
1281,2024-10-11,South,Electronics,Online,897.04,1391.7,243.14000000000007,61,18.27
1282,2023-09-04,East,Electronics,Online,3698.39,3966.74,90.80999999999992,93,23.07
1283,2023-10-02,South,Electronics,In-Store,1123.27,1253.8899999999999,-102.7900000000001,68,13.4
1284,2023-03-10,North,Electronics,In-Store,386.97,837.98,231.2,74,14.18
1285,2024-02-27,North,Electronics,Online,2806.59,3063.75,179.05999999999986,25,19.31
1286,2023-01-27,South,Electronics,Online,3016.63,3385.98,190.0799999999999,95,3.24
1287,2023-12-06,North,Office Supplies,Online,4372.37,4865.04,229.7100000000001,67,13.09
1288,2024-02-01,North,Electronics,In-Store,2927.21,2999.79,-68.41000000000008,2,29.16
1289,2023-07-29,North,Electronics,In-Store,1792.86,1886.37,-197.14,89,1.13
1290,2024-03-07,North,Electronics,Online,4034.76,4408.97,227.59000000000003,49,9.48
1291,2023-01-23,North,Furniture,Online,2747.37,2924.19,116.84000000000017,70,9.42
1292,2023-01-28,North,Electronics,In-Store,488.47,621.4100000000001,3.9000000000000625,26,19.0
1293,2024-08-23,South,Electronics,Online,2872.67,2940.38,-218.76999999999998,72,3.17
1294,2023-09-20,South,Furniture,Online,4549.29,4609.12,-49.69000000000007,99,18.86
1295,2023-04-03,East,Electronics,In-Store,2041.93,2440.45,135.44999999999976,27,2.85
1296,2024-01-17,North,Electronics,Online,1552.0,1662.5,-156.25,89,2.85
1297,2024-07-16,North,Electronics,In-Store,803.0,1063.47,142.42000000000002,18,21.85
1298,2023-06-07,North,Electronics,Online,842.08,1164.73,279.34,54,9.72
1299,2024-03-30,South,Electronics,Online,2220.58,2463.34,19.880000000000223,1,29.32
1300,2023-03-04,East,Electronics,In-Store,3018.83,3081.0299999999997,-45.02000000000018,61,1.12
1301,2023-02-07,North,Office Supplies,Online,495.02,897.5999999999999,163.35999999999993,3,13.35
1302,2024-01-23,West,Furniture,In-Store,4703.89,4758.62,-89.21000000000043,68,3.39
1303,2024-01-30,North,Furniture,Online,3800.15,4193.0,236.9799999999999,41,10.54
1304,2024-04-10,South,Electronics,Online,2974.46,3426.45,214.17999999999978,37,29.95
1305,2024-06-14,East,Office Supplies,Online,4159.35,4404.13,117.71999999999974,51,26.67
1306,2024-12-13,East,Electronics,Online,492.92,783.9100000000001,146.91000000000005,15,1.45
1307,2024-01-12,East,Electronics,Online,2436.51,2701.15,139.3099999999999,8,16.9
1308,2023-08-24,East,Furniture,Online,3187.46,3412.6,102.27999999999987,38,19.43
1309,2024-08-03,North,Electronics,Online,4160.4,4609.74,282.07000000000016,83,6.29
1310,2023-07-17,East,Electronics,Online,3939.0,4391.27,205.81000000000043,56,4.35
1311,2023-11-17,North,Furniture,In-Store,1457.64,1658.7600000000002,79.82000000000012,47,27.13
1312,2023-02-27,East,Office Supplies,In-Store,4710.31,5037.09,159.98999999999975,90,29.06
1313,2023-01-19,South,Electronics,In-Store,709.29,1176.4,259.3100000000001,10,29.76
1314,2024-12-03,East,Furniture,Online,4388.15,4871.08,387.4900000000003,78,23.69
1315,2024-09-02,South,Office Supplies,Online,4857.61,5136.639999999999,181.31999999999977,49,19.91
1316,2024-05-23,South,Electronics,In-Store,968.05,1221.82,-27.590000000000032,41,10.37
1317,2023-10-26,South,Electronics,Online,3638.12,3813.5299999999997,-47.18000000000015,83,5.14
1318,2023-05-07,East,Electronics,Online,297.4,778.89,299.88,30,2.37
1319,2023-04-25,North,Electronics,In-Store,2086.57,2200.84,-87.09000000000003,5,20.8
1320,2023-07-02,North,Electronics,In-Store,2629.79,2940.71,282.7200000000001,95,23.54
1321,2024-02-05,North,Office Supplies,Online,2945.16,3122.31,-15.919999999999902,71,24.79
1322,2024-06-05,North,Furniture,Online,4686.09,4861.64,12.890000000000185,83,27.41
1323,2024-04-26,East,Furniture,In-Store,3394.03,3626.2700000000004,59.430000000000234,31,26.4
1324,2023-07-24,North,Electronics,Online,2458.26,2957.7200000000003,378.82000000000005,52,29.99
1325,2024-11-28,West,Office Supplies,In-Store,4067.41,4142.139999999999,31.91999999999956,88,7.32
1326,2024-06-22,North,Office Supplies,In-Store,4757.61,5067.95,236.21000000000015,98,22.9
1327,2024-02-09,North,Office Supplies,In-Store,208.12,295.28,-199.05,23,17.59
1328,2024-03-22,East,Electronics,Online,4914.35,5033.88,-14.910000000000252,48,7.84
1329,2023-11-03,South,Furniture,Online,522.05,769.8499999999999,97.12999999999997,40,29.46
1330,2023-06-30,South,Electronics,In-Store,4090.5,4370.21,244.95000000000005,6,26.94
1331,2023-09-17,South,Electronics,In-Store,1473.64,1640.1000000000001,135.94000000000003,38,3.86
1332,2024-07-07,East,Electronics,In-Store,747.68,940.0899999999999,-28.400000000000034,41,0.78
1333,2023-01-11,North,Furniture,Online,2255.29,2344.43,-81.53000000000011,27,20.65
1334,2023-03-26,West,Furniture,Online,3255.39,3441.8399999999997,24.00999999999982,75,18.12
1335,2023-02-03,West,Electronics,In-Store,1966.66,2451.61,396.88000000000005,69,28.07
1336,2023-01-30,South,Electronics,In-Store,367.37,842.49,246.59,57,7.02
1337,2024-09-16,North,Electronics,In-Store,3037.36,3238.06,133.5899999999998,17,2.53
1338,2024-05-28,South,Electronics,In-Store,4521.78,4828.66,233.7000000000001,71,7.78
1339,2023-12-13,North,Electronics,Online,1977.76,2437.08,310.31999999999994,91,0.57
1340,2023-03-13,North,Electronics,In-Store,1160.03,1212.81,-47.380000000000024,47,1.08
1341,2023-12-25,North,Furniture,In-Store,2268.63,2683.44,325.5199999999999,79,27.45
1342,2023-12-12,South,Electronics,Online,336.98,813.75,276.1,13,10.56
1343,2023-05-07,East,Electronics,In-Store,4120.39,4211.490000000001,-111.16999999999965,11,12.32
1344,2023-11-13,East,Electronics,Online,4149.07,4271.719999999999,-128.21000000000038,90,0.55
1345,2023-10-18,East,Office Supplies,Online,2981.2,3463.54,345.3800000000001,86,8.12
1346,2024-03-25,South,Furniture,In-Store,1830.2,2122.09,251.4300000000001,92,24.14
1347,2024-04-08,North,Furniture,Online,4018.94,4075.33,-40.24000000000012,24,18.46
1348,2023-02-03,North,Electronics,Online,2817.97,2983.8999999999996,-128.47000000000014,93,22.61
1349,2023-10-01,West,Furniture,Online,4147.07,4399.54,65.52000000000027,73,13.42
1350,2024-04-01,North,Electronics,Online,3194.15,3555.96,143.07999999999996,4,9.29
1351,2024-01-03,East,Furniture,Online,3943.59,4323.51,357.86000000000007,46,14.48
1352,2024-09-17,South,Office Supplies,Online,3032.96,3530.9,332.84000000000003,18,9.69
1353,2024-04-25,South,Furniture,In-Store,2129.29,2308.67,148.87000000000012,43,25.17
1354,2023-04-29,East,Office Supplies,Online,4793.93,5086.13,112.81999999999982,80,8.93
1355,2023-02-21,South,Furniture,Online,2751.46,3041.46,12.180000000000007,33,19.79
1356,2024-04-13,East,Electronics,Online,3064.94,3297.48,-58.62000000000006,93,4.11
1357,2023-01-20,West,Office Supplies,In-Store,1180.39,1306.5100000000002,-45.229999999999876,10,20.61
1358,2024-03-03,South,Electronics,Online,3165.69,3655.55,341.5600000000001,73,27.4
1359,2024-11-17,North,Furniture,In-Store,2900.88,3334.87,149.38999999999976,59,18.26
1360,2024-02-25,South,Electronics,In-Store,1005.71,1279.96,65.63999999999999,31,16.8
1361,2023-10-11,West,Electronics,In-Store,391.98,713.44,283.29,28,28.83
1362,2024-04-14,North,Electronics,Online,3061.36,3213.63,1.8699999999999761,60,18.82
1363,2023-12-01,South,Electronics,In-Store,3842.09,4136.79,207.42999999999984,3,7.79
1364,2024-02-03,South,Electronics,Online,2664.67,3027.41,211.18999999999977,55,8.77
1365,2024-11-18,East,Furniture,In-Store,1211.19,1493.02,134.29999999999993,14,21.16
1366,2023-10-09,North,Electronics,In-Store,3365.96,3861.59,312.6300000000001,58,22.06
1367,2024-12-02,East,Electronics,Online,492.52,817.62,205.20000000000002,89,9.1
1368,2024-10-22,West,Furniture,Online,2264.99,2481.93,150.94000000000005,15,10.36
1369,2023-05-23,North,Electronics,Online,900.5,1297.97,236.43000000000004,2,29.73
1370,2023-02-20,North,Furniture,In-Store,1003.85,1130.56,-125.75000000000009,24,3.06
1371,2023-03-15,West,Furniture,Online,1091.24,1314.27,17.109999999999985,78,12.14
1372,2023-01-14,North,Office Supplies,Online,1994.86,2200.99,91.38999999999989,64,1.87
1373,2023-03-10,East,Furniture,Online,350.64,594.95,-37.63999999999993,71,24.63
1374,2024-05-13,South,Electronics,In-Store,2049.19,2450.9900000000002,126.38000000000017,24,2.77
1375,2023-02-21,North,Furniture,In-Store,2607.37,2875.25,189.2600000000001,27,20.22
1376,2023-08-21,East,Electronics,In-Store,2468.14,2875.45,376.2699999999999,37,1.69
1377,2024-09-08,South,Electronics,In-Store,1975.64,2285.06,81.84999999999985,94,20.19
1378,2023-01-17,South,Furniture,Online,4211.82,4415.75,-47.7999999999997,91,25.29
1379,2024-08-17,North,Electronics,Online,812.1,1226.5900000000001,123.49000000000012,39,11.96
1380,2023-07-25,South,Furniture,In-Store,2577.91,2735.14,-111.91999999999996,63,15.66
1381,2023-03-28,North,Office Supplies,Online,404.0,554.97,-37.17999999999998,79,12.05
1382,2024-05-23,North,Office Supplies,Online,448.66,725.69,108.62000000000003,26,9.01
1383,2024-04-04,West,Office Supplies,Online,2911.94,3079.32,139.5800000000001,65,24.1
1384,2024-10-02,North,Electronics,Online,2873.49,2927.58,-34.96999999999986,4,8.16
1385,2024-06-20,South,Electronics,Online,4402.36,4744.09,193.04000000000048,29,21.69
1386,2024-08-09,North,Furniture,In-Store,2833.58,3113.5699999999997,84.00999999999979,1,6.19
1387,2023-07-25,East,Electronics,Online,4802.98,5053.459999999999,74.44999999999956,50,7.5
1388,2023-05-10,North,Furniture,Online,338.6,823.74,257.2,86,10.09
1389,2024-07-01,West,Furniture,Online,580.24,887.28,208.70999999999998,11,17.67
1390,2024-08-11,South,Furniture,In-Store,315.92,754.46,260.35,74,13.63
1391,2024-12-24,North,Electronics,Online,1007.86,1120.6100000000001,68.0700000000001,59,22.35
1392,2023-10-29,North,Electronics,In-Store,2752.22,3058.3599999999997,170.30999999999986,62,6.41
1393,2023-09-29,North,Electronics,In-Store,3263.3,3703.8900000000003,210.54000000000013,81,0.32
1394,2024-07-20,South,Electronics,Online,323.37,635.77,98.24999999999997,36,23.3
1395,2023-09-06,North,Office Supplies,In-Store,4735.26,5108.37,75.72999999999968,56,24.65
1396,2024-11-10,East,Electronics,In-Store,4226.61,4444.03,119.61000000000007,90,1.78
1397,2024-09-18,South,Electronics,In-Store,1553.4,1645.0,-67.8900000000001,21,18.33
1398,2023-11-10,North,Electronics,In-Store,478.22,734.28,143.78999999999996,13,11.35
1399,2024-07-02,South,Furniture,Online,932.45,1159.97,84.14999999999998,9,23.82
1400,2024-07-04,East,Furniture,Online,722.03,1162.21,180.23000000000008,11,26.23
1401,2023-03-17,North,Electronics,Online,704.09,863.8900000000001,-51.779999999999944,75,25.53
1402,2024-10-20,North,Electronics,Online,2640.95,3125.9799999999996,217.94999999999976,70,23.32
1403,2024-01-04,North,Electronics,In-Store,1304.65,1785.8100000000002,404.18000000000006,1,8.07
1404,2024-08-26,East,Electronics,Online,1854.88,2016.3100000000002,-103.10999999999996,70,24.36
1405,2023-08-22,South,Furniture,In-Store,4948.58,5155.2,169.8899999999999,77,16.0
1406,2024-10-15,South,Furniture,In-Store,3453.14,3906.14,184.19,86,1.58
1407,2023-10-12,East,Electronics,In-Store,4750.01,5234.99,372.8399999999996,56,13.71
1408,2023-01-08,East,Electronics,In-Store,798.53,1048.08,141.46999999999997,31,28.26
1409,2024-10-22,South,Office Supplies,Online,1972.48,2166.93,31.069999999999823,86,26.64
1410,2023-03-08,East,Electronics,Online,2818.19,3104.9300000000003,3.35000000000025,37,3.07
1411,2023-08-22,North,Furniture,Online,476.11,835.61,326.12,47,22.32
1412,2024-11-24,North,Electronics,Online,120.52,293.58,54.44,91,24.17
1413,2024-11-24,North,Electronics,Online,3385.13,3766.54,121.56999999999988,78,8.14
1414,2024-02-23,North,Electronics,Online,3244.92,3318.17,-57.650000000000006,47,14.15
1415,2024-04-06,South,Furniture,In-Store,2112.87,2185.0499999999997,-3.580000000000169,69,21.33
1416,2023-11-24,West,Office Supplies,Online,2499.26,2723.09,84.88999999999993,58,13.17
1417,2023-08-03,North,Electronics,Online,2135.67,2344.73,81.10999999999994,36,3.38
1418,2023-08-28,North,Electronics,In-Store,217.62,409.65,-84.29000000000002,32,21.18
1419,2024-05-05,South,Electronics,Online,1743.32,2014.28,37.62000000000003,98,27.35
1420,2024-07-03,West,Electronics,Online,967.7,1162.03,32.89999999999992,64,19.57
1421,2024-07-31,North,Electronics,In-Store,582.28,718.8,-160.22000000000003,71,23.21
1422,2024-07-30,South,Electronics,In-Store,4787.93,4977.1900000000005,38.98000000000022,42,10.75
1423,2023-03-08,North,Furniture,In-Store,3036.86,3525.57,452.40000000000003,48,5.5
1424,2023-12-27,North,Electronics,Online,3670.42,3905.42,141.56,74,19.28
1425,2023-02-12,West,Electronics,In-Store,1645.28,1895.4,108.02000000000012,81,9.83
1426,2024-02-06,West,Office Supplies,In-Store,2026.42,2335.87,245.5199999999998,30,25.8
1427,2023-11-19,North,Electronics,Online,1260.93,1753.43,207.18,21,3.68
1428,2024-10-10,West,Office Supplies,In-Store,575.13,733.85,-75.99999999999997,60,13.0
1429,2023-09-14,South,Electronics,In-Store,977.26,1333.84,261.4599999999999,13,11.9
1430,2023-03-27,East,Office Supplies,Online,4007.82,4380.01,186.76000000000005,1,28.14
1431,2023-04-15,South,Furniture,Online,3419.97,3743.27,101.29000000000019,65,4.59
1432,2024-07-09,South,Office Supplies,In-Store,2779.95,2869.81,-193.69999999999987,33,0.3
1433,2024-03-27,South,Office Supplies,In-Store,2427.94,2782.53,87.73000000000013,38,7.14
1434,2023-03-15,South,Electronics,Online,4619.93,4698.77,-85.40999999999985,25,24.61
1435,2023-03-03,North,Office Supplies,In-Store,456.4,774.66,81.35999999999999,26,6.28
1436,2024-05-26,North,Electronics,Online,1474.94,1857.75,205.40999999999994,77,7.23
1437,2023-02-23,North,Electronics,Online,1814.7,1959.64,-29.819999999999936,59,3.9
1438,2024-08-22,East,Electronics,Online,3933.89,4362.62,376.6,92,21.46
1439,2024-05-30,North,Furniture,In-Store,4963.32,5026.98,8.339999999999854,33,2.08
1440,2023-03-01,South,Electronics,In-Store,1279.29,1709.01,261.45000000000005,41,9.94
1441,2023-03-03,West,Furniture,Online,4384.11,4641.259999999999,161.86999999999964,30,8.47
1442,2024-12-21,North,Furniture,Online,4170.05,4317.96,122.01999999999985,57,16.65
1443,2023-10-01,South,Furniture,Online,1200.82,1311.02,-112.18999999999994,49,21.91
1444,2023-09-28,South,Office Supplies,In-Store,2056.73,2535.7200000000003,449.8900000000002,48,15.99
1445,2024-08-16,East,Electronics,In-Store,2107.4,2190.1,-103.98000000000019,72,27.93
1446,2024-11-22,North,Electronics,In-Store,4893.28,5032.87,-31.379999999999853,49,28.54
1447,2024-12-20,South,Electronics,In-Store,986.37,1192.89,-84.74999999999989,47,10.84
1448,2024-07-03,East,Electronics,In-Store,4015.87,4344.98,173.52999999999966,56,23.33
1449,2023-10-02,West,Electronics,Online,1737.54,2032.7,257.3500000000001,65,22.16
1450,2023-03-02,South,Electronics,Online,3681.26,3787.8,-67.93000000000004,12,26.79
1451,2024-07-21,South,Electronics,Online,2158.05,2338.4300000000003,-75.12999999999988,69,13.44
1452,2024-02-12,South,Office Supplies,In-Store,2933.96,3091.4,-141.67999999999995,88,15.91
1453,2023-11-06,East,Furniture,In-Store,4179.8,4325.89,5.5900000000001455,6,12.47
1454,2024-10-23,South,Electronics,Online,4040.41,4275.42,125.33000000000021,89,25.51
1455,2023-03-23,North,Furniture,In-Store,4345.47,4712.280000000001,92.95000000000039,65,6.89
1456,2023-12-26,West,Electronics,Online,392.12,539.97,74.30000000000003,25,7.19
1457,2023-01-09,South,Electronics,Online,3491.05,3706.0600000000004,22.690000000000225,1,11.18
1458,2023-12-09,South,Furniture,In-Store,785.94,1011.85,92.30999999999997,32,6.91
1459,2023-02-11,North,Electronics,In-Store,2137.51,2626.92,457.90999999999985,3,16.83
1460,2023-03-28,South,Electronics,In-Store,2788.08,3267.68,362.3599999999999,49,4.03
1461,2023-03-27,North,Office Supplies,Online,2073.42,2483.48,315.79999999999995,19,9.61
1462,2024-04-18,South,Office Supplies,Online,2646.1,2804.85,-53.360000000000014,60,27.4
1463,2024-06-28,North,Furniture,In-Store,4982.98,5063.599999999999,-205.04000000000013,29,12.28
1464,2024-03-01,South,Furniture,Online,762.56,955.17,97.56000000000002,50,22.45
1465,2024-12-03,West,Furniture,Online,3409.73,3579.79,-77.15000000000006,2,3.4
1466,2023-10-01,North,Electronics,In-Store,2040.4,2318.07,242.17000000000007,73,7.43
1467,2023-07-28,West,Electronics,Online,751.75,1151.73,229.31000000000003,56,24.22
1468,2024-09-26,South,Electronics,In-Store,877.81,1314.06,396.5,17,22.89
1469,2023-06-13,East,Electronics,In-Store,4751.44,5181.629999999999,148.65999999999963,60,11.58
1470,2024-12-04,East,Furniture,Online,4410.05,4621.900000000001,-22.72999999999965,36,28.63
1471,2023-01-09,South,Electronics,Online,4544.51,4903.77,155.03000000000023,61,27.32
1472,2024-12-09,East,Office Supplies,In-Store,4958.51,5149.29,-59.91000000000025,17,28.87
1473,2023-02-01,East,Office Supplies,In-Store,1120.75,1198.16,-123.89999999999992,49,12.84
1474,2024-10-12,South,Furniture,In-Store,1841.65,2207.35,74.3999999999998,76,5.92
1475,2024-01-21,North,Furniture,In-Store,3379.17,3433.59,-165.48999999999992,60,18.8
1476,2024-12-25,South,Office Supplies,In-Store,2470.63,2704.76,-44.76999999999987,20,20.54
1477,2023-02-23,East,Electronics,In-Store,2150.11,2348.33,33.41999999999979,50,3.76
1478,2024-02-09,East,Furniture,Online,1853.28,2215.3,309.24000000000024,3,23.59
1479,2024-12-08,East,Electronics,Online,3009.53,3404.34,226.91999999999996,43,0.54
1480,2024-01-17,South,Furniture,Online,2920.41,3107.25,131.32000000000014,57,14.48
1481,2024-04-04,East,Electronics,Online,891.14,1306.37,229.3299999999999,50,9.93
1482,2024-05-22,North,Office Supplies,Online,2411.53,2593.79,27.15999999999977,68,22.21
1483,2023-11-28,South,Office Supplies,Online,2812.01,3062.86,56.529999999999916,81,9.38
1484,2024-04-03,North,Electronics,In-Store,2894.41,3271.5699999999997,354.34999999999985,50,24.8
1485,2024-03-02,North,Electronics,Online,1129.53,1491.34,287.24999999999994,37,17.85
1486,2024-10-19,North,Office Supplies,Online,3737.13,4231.45,336.7499999999997,46,23.82
1487,2023-02-03,North,Electronics,Online,223.48,374.79999999999995,-134.82000000000002,42,29.68
1488,2023-07-25,South,Office Supplies,Online,1838.68,2186.7200000000003,220.6300000000002,15,20.37
1489,2024-11-24,North,Furniture,Online,3923.04,4247.4,185.53999999999968,33,29.55
1490,2024-10-11,South,Electronics,Online,2863.08,3324.87,241.67999999999995,80,0.87
1491,2023-11-29,North,Electronics,Online,1379.7,1500.06,-68.7000000000001,11,10.14
1492,2024-03-28,North,Electronics,In-Store,3505.27,3893.58,284.60999999999996,20,3.24
1493,2023-07-22,North,Furniture,In-Store,2880.22,3185.9399999999996,170.6899999999998,24,7.87
1494,2023-05-18,North,Electronics,In-Store,4001.59,4175.1900000000005,92.64000000000037,64,25.17
1495,2023-12-05,South,Furniture,In-Store,3701.62,3965.12,-26.99000000000001,80,0.97
1496,2023-09-15,South,Electronics,Online,3089.53,3289.73,143.61999999999983,94,15.61
1497,2024-03-02,South,Furniture,In-Store,2492.07,2802.76,186.58000000000004,98,17.01
1498,2023-02-26,South,Office Supplies,In-Store,752.59,1202.64,422.82000000000005,65,16.83
1499,2024-12-12,North,Office Supplies,Online,1380.53,1686.72,224.09000000000006,88,14.26
1500,2024-12-20,East,Electronics,In-Store,2153.59,2487.87,95.74999999999974,88,23.72
1501,2024-05-24,South,Office Supplies,Online,3036.57,3320.01,207.11000000000007,73,4.01
1502,2024-01-27,South,Furniture,In-Store,2617.17,2690.19,30.59999999999998,86,9.32
1503,2023-08-14,North,Furniture,In-Store,1512.1,1666.8899999999999,1.9399999999999693,76,18.47
1504,2024-08-17,North,Office Supplies,Online,131.68,403.08,248.60999999999999,17,20.73
1505,2024-05-14,North,Electronics,In-Store,2531.57,2721.1800000000003,145.88000000000014,89,12.12
1506,2023-04-29,North,Electronics,In-Store,1499.57,1631.36,-114.35000000000002,92,26.26
1507,2024-10-26,South,Office Supplies,In-Store,3699.58,3976.44,40.850000000000136,61,12.46
1508,2024-08-23,South,Electronics,Online,217.34,412.6,-80.97999999999999,15,12.08
1509,2024-11-24,South,Office Supplies,In-Store,2965.66,3131.81,-93.1099999999999,94,1.09
1510,2024-06-13,East,Office Supplies,Online,4713.22,4972.01,47.49999999999997,51,16.53
1511,2024-03-23,East,Electronics,Online,954.61,1064.59,75.3299999999999,27,21.26
1512,2023-11-02,East,Office Supplies,Online,2411.08,2878.5699999999997,228.2899999999998,86,3.43
1513,2024-11-11,West,Electronics,In-Store,547.97,988.44,183.73000000000002,74,9.16
1514,2024-09-24,North,Furniture,In-Store,3165.84,3534.27,124.68999999999983,61,23.44
1515,2023-02-03,North,Furniture,In-Store,2797.61,2895.4100000000003,-64.56999999999982,58,10.98
1516,2023-01-20,North,Office Supplies,In-Store,2096.09,2495.23,313.9299999999999,31,7.25
1517,2023-10-02,South,Electronics,Online,2654.75,3068.33,156.88999999999993,91,20.17
1518,2024-08-14,East,Electronics,Online,4493.22,4888.71,171.87999999999977,12,5.9
1519,2024-12-21,North,Furniture,Online,1061.84,1163.12,-193.33000000000004,46,26.87
1520,2023-04-20,West,Furniture,Online,210.57,550.3299999999999,276.16999999999996,31,3.17
1521,2024-03-09,North,Furniture,Online,4322.16,4747.61,342.2599999999998,32,21.2
1522,2023-10-06,West,Electronics,Online,2927.87,3237.68,230.50999999999993,32,14.99
1523,2024-12-09,North,Electronics,Online,4464.23,4805.11,98.97000000000011,99,26.1
1524,2024-09-06,North,Electronics,Online,3025.03,3281.29,183.92999999999978,53,3.79
1525,2024-09-03,South,Office Supplies,Online,4069.79,4357.71,249.26000000000008,61,20.34
1526,2023-12-09,North,Electronics,Online,2205.4,2270.87,-234.13000000000022,46,17.16
1527,2023-10-30,North,Electronics,In-Store,3774.31,4111.84,310.5800000000002,85,14.4
1528,2023-07-19,North,Office Supplies,In-Store,4573.9,4660.549999999999,-167.22000000000037,74,14.74
1529,2023-02-11,East,Electronics,In-Store,2903.4,3149.16,123.45999999999977,80,21.66
1530,2024-09-23,South,Office Supplies,Online,985.85,1167.54,-73.96000000000006,7,28.13
1531,2024-08-16,North,Furniture,Online,1417.11,1712.55,120.15000000000006,4,2.74
1532,2024-12-30,South,Office Supplies,In-Store,1073.36,1183.3999999999999,-162.42000000000002,91,0.59
1533,2024-12-28,East,Electronics,Online,1309.6,1670.84,81.91000000000003,52,24.17
1534,2024-02-10,North,Electronics,Online,1601.44,2009.2,385.21,89,3.25
1535,2024-07-15,South,Furniture,Online,2820.16,2943.67,82.39000000000021,31,29.6
1536,2024-11-20,North,Office Supplies,Online,2981.16,3078.1,6.84000000000006,75,18.58
1537,2024-09-12,North,Furniture,Online,2189.85,2305.33,-91.92999999999998,84,19.53
1538,2023-06-30,South,Electronics,Online,3115.56,3560.27,175.99,36,5.97
1539,2023-11-25,North,Furniture,In-Store,499.72,787.4100000000001,138.91000000000005,54,7.21
1540,2023-04-05,South,Furniture,Online,530.16,790.43,70.32,54,19.78
1541,2024-11-27,East,Furniture,Online,941.96,1039.98,25.23999999999998,17,27.29
1542,2024-03-18,North,Furniture,In-Store,2638.58,2980.88,96.9100000000002,75,29.47
1543,2023-06-16,South,Office Supplies,Online,1148.57,1589.17,149.7500000000001,30,5.94
1544,2024-05-05,North,Furniture,Online,1488.09,1910.77,327.4700000000001,99,4.02
1545,2024-03-27,West,Electronics,In-Store,2061.53,2393.25,173.1699999999998,22,1.69
1546,2023-09-19,South,Electronics,Online,4078.14,4162.0199999999995,39.769999999999655,43,26.05
1547,2023-03-24,East,Electronics,Online,167.92,268.5,-75.97999999999999,27,8.84
1548,2024-05-05,South,Electronics,Online,3281.96,3354.15,-88.58999999999995,37,0.05
1549,2024-01-15,North,Electronics,Online,3377.5,3543.37,105.4299999999999,46,6.71
1550,2024-07-17,South,Electronics,Online,4013.41,4124.46,-32.72999999999982,35,10.21
1551,2024-01-15,West,Electronics,In-Store,4670.49,4837.51,53.47000000000044,4,29.73
1552,2024-09-14,South,Electronics,Online,198.68,421.96000000000004,57.170000000000016,80,15.71
1553,2024-02-07,East,Office Supplies,Online,853.54,1327.8799999999999,290.3599999999999,80,6.14
1554,2024-02-14,East,Office Supplies,Online,4442.24,4766.91,302.2900000000001,85,10.04
1555,2024-10-01,North,Electronics,Online,2346.74,2772.4799999999996,192.65999999999977,26,9.91
1556,2023-10-22,North,Office Supplies,In-Store,2866.49,3236.1499999999996,150.01999999999987,19,0.59
1557,2023-04-08,South,Furniture,Online,3348.83,3449.46,-21.929999999999893,81,4.06
1558,2023-01-22,South,Electronics,Online,3427.43,3808.5899999999997,346.33999999999986,45,20.86
1559,2024-07-05,East,Electronics,Online,4665.53,4839.32,-57.59000000000003,26,3.61
1560,2024-03-28,West,Furniture,Online,4985.05,5322.650000000001,50.150000000000375,22,6.92
1561,2024-05-28,North,Furniture,Online,3628.77,3832.2,116.18999999999984,58,10.52
1562,2023-06-05,North,Furniture,In-Store,1507.38,2006.3300000000002,388.36,63,22.73
1563,2023-04-10,East,Electronics,Online,4410.79,4579.39,97.13000000000036,28,17.47
1564,2023-01-11,North,Electronics,Online,341.18,516.79,-5.930000000000035,65,20.67
1565,2023-09-13,East,Electronics,Online,1232.3,1701.1,405.43999999999994,44,17.01
1566,2024-03-06,South,Electronics,In-Store,4497.19,4558.28,-58.63999999999986,43,20.51
1567,2023-10-14,South,Electronics,Online,1355.34,1718.85,148.35,37,0.09
1568,2023-11-16,North,Electronics,In-Store,1181.19,1557.5900000000001,199.57000000000008,66,27.93
1569,2024-10-22,South,Office Supplies,In-Store,776.81,1203.1799999999998,298.15999999999985,17,3.33
1570,2023-09-12,South,Office Supplies,In-Store,4309.65,4798.15,350.83000000000004,40,12.19
1571,2024-01-11,South,Electronics,Online,2550.29,3039.31,311.63,38,23.13
1572,2024-07-26,North,Office Supplies,Online,3406.98,3486.35,57.72999999999989,85,13.06
1573,2023-10-17,East,Electronics,In-Store,1271.43,1691.26,377.8499999999999,61,28.41
1574,2024-03-30,East,Electronics,In-Store,3814.4,4155.24,74.08999999999969,9,14.03
1575,2024-09-21,North,Electronics,In-Store,3824.03,4165.33,299.4899999999997,77,26.25
1576,2024-11-24,North,Furniture,Online,1631.73,1739.49,-110.15,75,24.32
1577,2023-04-18,North,Office Supplies,Online,2112.34,2454.92,64.96999999999991,61,29.43
1578,2024-11-07,South,Furniture,Online,1127.48,1619.6,396.32999999999987,80,27.8
1579,2023-12-26,South,Electronics,In-Store,4885.15,5345.469999999999,336.5799999999997,16,26.94
1580,2023-07-08,South,Furniture,Online,3263.45,3511.06,68.31000000000012,2,21.95
1581,2023-12-02,North,Electronics,Online,4679.27,4747.25,-198.90000000000043,72,11.01
1582,2024-12-16,North,Office Supplies,In-Store,1586.59,1799.62,-70.70000000000005,43,3.18
1583,2023-12-26,South,Furniture,Online,3931.27,4353.15,194.79999999999964,42,20.66
1584,2023-08-28,South,Electronics,In-Store,3852.71,4218.38,321.4200000000001,77,29.36
1585,2024-04-07,West,Furniture,Online,3489.11,3745.81,49.339999999999804,57,21.8
1586,2023-06-25,North,Furniture,Online,4831.63,4906.43,-60.089999999999804,81,27.86
1587,2023-02-25,South,Electronics,Online,2028.42,2270.52,90.2999999999999,88,24.13
1588,2023-04-05,South,Furniture,In-Store,740.51,1001.5699999999999,227.29999999999995,67,4.89
1589,2023-04-04,South,Electronics,Online,3391.37,3859.22,394.3499999999999,30,7.48
1590,2023-04-21,East,Furniture,Online,3673.62,4012.1099999999997,97.14999999999978,13,10.26
1591,2023-04-12,South,Office Supplies,In-Store,2917.8,3108.04,43.12999999999977,19,5.05
1592,2024-04-12,West,Office Supplies,Online,1113.41,1399.8000000000002,181.9200000000001,7,17.45
1593,2023-05-13,North,Furniture,Online,2571.83,2651.5499999999997,-47.8100000000002,9,29.26
1594,2023-09-10,North,Furniture,Online,1629.73,2117.39,228.42999999999984,83,22.84
1595,2024-10-16,East,Electronics,Online,2194.59,2406.6200000000003,-17.6899999999998,54,12.7
1596,2023-12-12,South,Furniture,In-Store,3261.57,3526.61,168.78999999999996,86,0.14
1597,2024-05-02,North,Electronics,Online,3751.55,3961.4300000000003,156.9800000000001,82,9.4
1598,2023-05-06,North,Electronics,Online,1237.9,1595.0300000000002,266.5700000000001,61,15.8
1599,2023-05-21,North,Electronics,Online,2086.09,2434.09,70.19,87,9.73
1600,2023-01-30,East,Electronics,In-Store,1418.89,1790.79,189.05999999999986,2,3.33
1601,2023-05-04,North,Furniture,Online,1073.29,1243.95,1.2900000000000773,50,13.28
1602,2023-07-23,North,Electronics,Online,3938.6,4130.65,5.059999999999718,75,7.6
1603,2023-05-10,North,Furniture,Online,4555.34,4661.7,-16.130000000000322,31,27.28
1604,2023-03-06,North,Electronics,Online,1914.14,2259.12,98.98999999999978,33,3.05
1605,2023-03-30,North,Electronics,Online,3781.27,3849.18,-98.61000000000016,78,1.47
1606,2023-12-03,South,Furniture,Online,4495.28,4814.24,266.27000000000004,80,0.16
1607,2023-05-31,North,Electronics,In-Store,4246.01,4687.37,385.2199999999997,11,9.84
1608,2023-09-23,East,Electronics,Online,995.79,1446.6599999999999,280.5499999999999,33,19.81
1609,2024-01-03,North,Furniture,In-Store,4785.83,5037.9,-30.1700000000003,7,21.91
1610,2024-05-18,South,Electronics,In-Store,1945.71,2202.4,150.35000000000005,31,13.6
1611,2023-01-29,East,Office Supplies,Online,1762.28,1846.92,-178.82999999999993,48,20.53
1612,2024-08-06,South,Electronics,Online,405.91,757.75,117.88999999999999,47,10.8
1613,2024-04-03,South,Electronics,Online,2482.25,2901.82,330.1800000000002,78,20.03
1614,2023-03-01,North,Furniture,In-Store,634.17,794.26,129.91000000000003,92,1.22
1615,2024-09-29,North,Electronics,Online,1317.85,1557.4399999999998,191.0699999999999,53,11.72
1616,2024-11-03,South,Electronics,Online,1653.02,2080.5,203.50000000000003,80,23.73
1617,2023-02-14,West,Electronics,Online,4063.25,4507.95,368.78999999999985,19,24.09
1618,2023-07-22,South,Electronics,In-Store,4389.89,4549.320000000001,35.4700000000003,81,21.48
1619,2024-08-11,South,Office Supplies,In-Store,1582.08,1879.84,137.28,90,6.13
1620,2024-06-30,East,Electronics,Online,4307.62,4444.24,-86.5100000000001,6,7.42
1621,2023-05-15,South,Furniture,In-Store,4300.43,4396.280000000001,44.15000000000036,49,29.88
1622,2023-06-02,North,Office Supplies,Online,3846.79,4306.79,326.22,73,3.1
1623,2023-09-28,South,Electronics,Online,818.81,1238.04,263.41,50,5.42
1624,2023-12-20,West,Office Supplies,In-Store,3482.58,3874.6,220.58999999999997,81,3.9
1625,2024-03-27,North,Electronics,Online,4730.62,4802.5599999999995,-177.2000000000004,95,9.83
1626,2023-09-27,South,Office Supplies,Online,3444.45,3874.1299999999997,361.60999999999984,12,6.31
1627,2023-12-04,North,Electronics,Online,1724.92,1972.04,0.9299999999998931,23,14.93
1628,2024-06-29,South,Furniture,In-Store,2552.84,2756.92,-9.930000000000064,54,14.28
1629,2023-01-27,North,Electronics,In-Store,3264.05,3559.96,120.26999999999987,69,27.05
1630,2023-07-04,South,Electronics,In-Store,2601.8,2692.9100000000003,-124.75999999999988,59,1.04
1631,2024-06-04,East,Furniture,In-Store,687.77,1078.26,255.13,36,9.6
1632,2024-10-15,North,Furniture,Online,1629.11,1941.21,253.35000000000014,3,17.9
1633,2024-01-09,South,Electronics,Online,4031.74,4165.71,-72.43999999999974,58,18.14
1634,2024-01-24,East,Electronics,Online,4320.95,4455.65,-32.21000000000018,88,14.4
1635,2023-03-20,West,Furniture,Online,772.77,905.68,-66.11000000000004,55,24.47
1636,2023-11-23,North,Furniture,Online,4766.7,4842.349999999999,-38.990000000000364,57,1.88
1637,2024-01-24,North,Office Supplies,In-Store,1711.23,2025.74,40.589999999999975,17,24.46
1638,2023-06-27,North,Furniture,Online,3345.34,3773.5,243.69999999999985,39,14.84
1639,2023-07-16,West,Office Supplies,Online,3783.94,3841.81,13.959999999999894,90,4.01
1640,2023-10-03,West,Furniture,Online,4078.54,4150.59,-73.8999999999998,68,26.57
1641,2023-01-15,South,Electronics,Online,4734.17,5041.92,75.97,55,19.48
1642,2023-08-24,East,Electronics,In-Store,1633.31,2052.08,176.40999999999997,45,4.91
1643,2023-06-04,South,Furniture,Online,4306.68,4503.71,38.539999999999736,76,1.01
1644,2023-08-28,South,Furniture,Online,745.27,952.6,-63.19999999999993,1,4.23
1645,2023-03-29,North,Electronics,In-Store,3554.7,3873.06,223.41000000000014,21,18.26
1646,2024-10-12,East,Electronics,Online,3735.69,3909.09,38.43000000000009,83,5.38
1647,2024-03-09,North,Office Supplies,Online,3420.84,3482.81,-209.6400000000002,21,6.77
1648,2024-05-10,East,Furniture,Online,1336.34,1717.19,109.90000000000015,52,0.75
1649,2024-07-30,East,Electronics,Online,4377.91,4709.45,119.53999999999996,82,21.69
1650,2023-12-30,East,Electronics,In-Store,927.41,1238.75,50.83000000000004,43,24.31
1651,2023-03-05,North,Electronics,In-Store,362.81,746.5699999999999,338.8999999999999,52,23.91
1652,2024-01-28,North,Electronics,Online,3615.58,3969.43,91.64999999999992,67,3.83
1653,2024-03-04,North,Electronics,In-Store,2429.83,2572.48,32.880000000000095,44,27.1
1654,2024-06-28,North,Electronics,Online,4260.58,4469.2,138.68999999999988,32,20.17
1655,2023-11-12,North,Furniture,Online,1978.65,2085.4,19.730000000000004,10,26.93
1656,2023-04-04,West,Electronics,Online,924.57,1033.01,-28.59000000000006,64,13.41
1657,2023-07-27,South,Office Supplies,Online,4198.57,4552.86,263.96,79,13.11
1658,2023-09-23,North,Office Supplies,Online,2789.66,3226.0299999999997,326.6099999999999,69,23.54
1659,2024-04-16,North,Electronics,In-Store,1027.06,1510.29,425.44,68,2.8
1660,2024-02-21,South,Furniture,In-Store,3629.88,3962.6400000000003,229.8300000000002,28,15.63
1661,2023-09-17,South,Electronics,Online,2604.46,2737.31,-47.3900000000001,53,25.09
1662,2024-12-21,South,Office Supplies,Online,3061.13,3158.67,-46.180000000000035,51,24.91
1663,2024-03-18,West,Electronics,Online,2358.4,2774.1800000000003,298.7000000000002,53,28.68
1664,2023-06-23,South,Furniture,Online,4160.67,4471.11,81.42999999999961,4,20.95
1665,2023-03-16,West,Furniture,Online,4164.86,4493.09,58.050000000000466,79,6.23
1666,2023-04-22,East,Electronics,Online,3576.01,3977.67,169.75999999999985,17,0.61
1667,2023-06-29,North,Electronics,In-Store,616.47,982.94,253.51000000000005,67,14.38
1668,2023-04-28,West,Furniture,Online,4210.38,4635.89,197.07000000000022,74,15.41
1669,2023-05-17,North,Furniture,Online,3387.96,3463.26,12.750000000000185,47,7.21
1670,2023-07-28,East,Electronics,Online,3515.42,3901.8,329.8900000000001,56,3.74
1671,2023-05-07,North,Furniture,Online,1878.62,2311.5,316.10000000000014,23,17.59
1672,2024-10-16,East,Electronics,Online,4408.47,4587.2300000000005,-67.39999999999978,18,22.93
1673,2023-02-28,East,Furniture,In-Store,3654.32,3992.52,249.2199999999998,1,29.79
1674,2024-01-18,East,Electronics,Online,651.69,843.0600000000001,153.66,35,22.75
1675,2023-10-27,East,Office Supplies,In-Store,2098.11,2579.2000000000003,424.21000000000015,64,23.81
1676,2024-12-18,North,Electronics,Online,4443.26,4508.3,-195.41000000000003,58,18.49
1677,2023-03-23,North,Electronics,Online,331.26,642.1700000000001,113.45000000000007,95,29.58
1678,2023-10-18,South,Electronics,Online,4810.94,4935.87,34.030000000000285,59,19.2
1679,2024-12-08,North,Electronics,In-Store,3427.9,3798.4,195.02,1,25.81
1680,2024-09-23,South,Furniture,Online,3193.74,3322.89,-38.56999999999991,3,28.37
1681,2024-08-19,North,Electronics,In-Store,1425.74,1581.66,-47.59999999999994,67,27.9
1682,2023-07-08,West,Office Supplies,Online,1319.08,1591.55,187.18,37,11.44
1683,2023-05-05,South,Electronics,In-Store,4716.09,5177.77,199.65000000000032,83,2.36
1684,2024-05-03,East,Electronics,Online,1561.54,1706.81,38.64999999999998,29,5.16
1685,2024-11-09,North,Electronics,In-Store,3899.98,4014.89,-99.45000000000016,89,1.78
1686,2024-02-11,East,Electronics,Online,2026.3,2417.84,367.0300000000002,33,3.16
1687,2024-02-22,West,Electronics,In-Store,782.34,1057.62,150.93999999999986,61,5.54
1688,2023-07-24,South,Electronics,Online,152.5,612.8,341.81999999999994,93,10.23
1689,2024-07-15,South,Electronics,Online,2766.86,2882.84,-56.19999999999999,90,16.31
1690,2023-05-17,East,Electronics,Online,4881.32,5221.99,300.30000000000007,4,21.35
1691,2023-08-25,North,Furniture,In-Store,1908.77,2063.57,-86.43999999999983,14,6.33
1692,2023-11-07,South,Furniture,Online,1850.24,1970.78,39.55999999999996,91,20.18
1693,2024-01-06,North,Electronics,In-Store,1786.05,2143.59,147.9700000000002,33,21.13
1694,2023-06-26,North,Electronics,Online,2650.66,2967.8199999999997,72.25999999999985,22,16.76
1695,2023-03-25,North,Office Supplies,Online,2259.26,2648.9300000000003,212.34000000000006,48,27.11
1696,2024-03-21,North,Furniture,Online,4411.58,4600.84,-38.18999999999977,3,3.33
1697,2023-07-30,North,Furniture,In-Store,2577.05,2828.6400000000003,46.27000000000015,87,5.31
1698,2024-02-29,North,Electronics,In-Store,2588.01,2820.4700000000003,112.91000000000004,85,12.86
1699,2023-04-23,West,Furniture,In-Store,778.02,1270.86,246.35999999999993,23,3.8
1700,2023-12-18,South,Furniture,Online,4915.42,5096.93,78.99000000000022,68,16.99
1701,2024-01-24,West,Furniture,In-Store,1324.87,1507.54,2.730000000000075,21,11.95
1702,2023-02-07,South,Office Supplies,In-Store,459.48,669.03,-19.160000000000053,43,8.54
1703,2023-09-03,North,Electronics,Online,3349.42,3653.4900000000002,177.96000000000015,95,5.1
1704,2023-04-09,South,Electronics,In-Store,3017.3,3180.8500000000004,58.780000000000186,85,10.06
1705,2023-02-16,South,Furniture,In-Store,2134.21,2596.09,313.2600000000001,26,18.24
1706,2024-12-23,North,Office Supplies,In-Store,2168.74,2338.2999999999997,-79.47000000000006,41,17.27
1707,2023-08-24,South,Electronics,In-Store,3946.81,4399.93,172.74000000000035,99,4.91
1708,2024-08-14,North,Electronics,Online,1058.99,1155.55,-76.06000000000006,38,3.75
1709,2023-07-05,South,Electronics,Online,4119.24,4464.69,140.2399999999998,88,0.8
1710,2024-05-12,South,Electronics,In-Store,3278.86,3737.0,185.21999999999986,11,0.37
1711,2024-07-08,North,Furniture,Online,2152.95,2278.89,78.35000000000005,29,26.39
1712,2024-03-10,North,Furniture,In-Store,2344.34,2830.09,400.77,60,1.35
1713,2023-12-11,East,Electronics,In-Store,1357.57,1611.37,35.309999999999945,67,21.94
1714,2023-10-28,South,Electronics,In-Store,3785.36,4260.93,224.92000000000016,65,26.16
1715,2023-09-12,North,Electronics,In-Store,2613.09,2967.6600000000003,94.60000000000014,61,2.94
1716,2024-11-09,West,Electronics,Online,1672.19,1857.9,49.48000000000005,19,13.09
1717,2024-08-29,North,Furniture,Online,3020.65,3155.3900000000003,89.72000000000023,46,28.87
1718,2024-12-05,South,Office Supplies,Online,4979.1,5165.780000000001,44.10000000000028,49,25.02
1719,2023-04-01,West,Office Supplies,Online,2232.79,2324.65,7.250000000000128,22,14.69
1720,2024-06-17,North,Electronics,Online,4611.39,4726.13,13.199999999999775,78,22.88
1721,2024-11-15,North,Office Supplies,Online,1790.58,1887.6799999999998,-139.13000000000008,57,25.0
1722,2023-05-13,North,Furniture,In-Store,368.19,608.51,199.17,14,10.44
1723,2023-02-18,North,Furniture,In-Store,1100.79,1508.8,156.29,44,26.76
1724,2024-06-25,North,Electronics,Online,2151.61,2265.23,-26.13000000000011,16,14.11
1725,2024-02-24,South,Electronics,Online,1176.21,1284.8500000000001,-78.2599999999999,97,15.83
1726,2024-09-06,North,Electronics,In-Store,101.11,440.65000000000003,294.44,77,29.99
1727,2023-04-13,South,Electronics,Online,4583.51,4722.24,24.26999999999957,12,25.3
1728,2024-08-03,West,Electronics,Online,4235.01,4328.93,48.800000000000075,55,10.85
1729,2023-05-28,East,Electronics,Online,3737.23,3862.31,-164.1500000000001,51,0.31
1730,2023-04-30,South,Electronics,Online,922.29,1387.97,219.65000000000006,39,18.79
1731,2023-04-30,North,Furniture,Online,689.78,1109.44,270.9600000000001,33,21.12
1732,2024-08-17,South,Electronics,In-Store,431.26,640.59,126.72000000000004,33,19.52
1733,2024-04-30,South,Electronics,Online,3647.74,3992.8599999999997,63.749999999999886,29,29.04
1734,2024-01-17,South,Office Supplies,Online,4651.16,4942.93,175.28000000000043,69,25.89
1735,2023-09-19,North,Office Supplies,Online,2209.63,2564.34,289.63000000000005,70,13.46
1736,2024-10-02,East,Furniture,Online,683.79,1040.99,179.51000000000005,31,1.89
1737,2023-10-14,South,Office Supplies,In-Store,2610.72,2943.6499999999996,48.669999999999845,80,14.28
1738,2024-08-19,North,Furniture,In-Store,1809.28,1979.03,148.68,31,20.68
1739,2023-11-17,North,Office Supplies,In-Store,1936.64,2004.19,-19.120000000000047,89,18.23
1740,2023-10-03,South,Electronics,Online,3144.52,3399.5299999999997,-27.76000000000022,46,16.14
1741,2023-12-04,East,Electronics,In-Store,3621.72,4072.66,383.0400000000001,97,14.06
1742,2023-08-09,East,Electronics,In-Store,641.96,948.23,254.55999999999997,77,8.81
1743,2024-06-29,East,Electronics,In-Store,274.39,698.97,244.93000000000004,52,8.32
1744,2024-01-02,North,Electronics,Online,4972.22,5468.450000000001,234.91000000000048,10,15.01
1745,2023-06-19,South,Furniture,Online,1240.37,1364.0,-29.959999999999894,88,4.82
1746,2024-10-18,South,Furniture,Online,363.77,725.0699999999999,62.819999999999936,74,10.22
1747,2023-10-08,North,Furniture,In-Store,1030.39,1383.8200000000002,143.26000000000008,41,9.72
1748,2024-02-01,North,Electronics,Online,290.89,781.87,450.24,95,17.61
1749,2024-10-23,East,Office Supplies,Online,2019.87,2513.39,195.52999999999997,77,2.0
1750,2024-03-31,North,Furniture,In-Store,4031.77,4390.78,224.79999999999976,3,24.89
1751,2023-03-27,South,Electronics,In-Store,1772.1,1931.73,59.16000000000011,59,16.87
1752,2024-11-17,North,Furniture,In-Store,2276.5,2685.85,233.1399999999999,52,20.12
1753,2024-04-03,North,Electronics,Online,3410.38,3508.54,-7.050000000000139,34,21.09
1754,2023-09-02,North,Electronics,In-Store,2593.58,2994.89,357.09999999999997,49,8.74
1755,2023-04-12,West,Office Supplies,Online,4321.08,4780.67,439.19000000000017,28,14.11
1756,2024-08-02,East,Electronics,Online,4343.57,4565.849999999999,76.39999999999975,83,28.69
1757,2024-03-28,West,Electronics,Online,148.56,482.35,79.47000000000003,87,23.0
1758,2024-01-25,South,Office Supplies,Online,3912.43,4155.99,63.309999999999945,96,29.09
1759,2024-10-14,North,Furniture,Online,2357.59,2604.58,-52.79000000000019,13,22.39
1760,2024-07-29,South,Electronics,In-Store,4945.32,5134.99,89.35000000000008,97,5.27
1761,2023-04-21,South,Electronics,Online,2467.84,2860.8,294.43000000000006,98,1.94
1762,2023-08-16,East,Electronics,In-Store,4935.79,5407.07,406.5499999999997,97,17.33
1763,2023-07-01,North,Furniture,Online,3797.39,4270.73,407.3999999999997,69,10.73
1764,2024-06-27,South,Electronics,Online,1318.16,1446.8100000000002,28.800000000000097,67,8.26
1765,2023-01-25,North,Electronics,Online,2738.14,3181.77,201.6300000000001,61,24.22
1766,2024-02-21,North,Office Supplies,Online,4961.46,5343.3,108.23000000000013,60,11.01
1767,2024-07-10,East,Furniture,Online,4301.9,4465.679999999999,-129.24000000000024,71,9.51
1768,2024-10-02,South,Electronics,Online,577.1,657.38,-4.7600000000000335,24,25.5
1769,2023-09-07,North,Furniture,Online,3561.22,3731.8199999999997,-96.16000000000008,63,25.39
1770,2024-08-22,North,Furniture,Online,1793.34,2253.83,348.58000000000004,86,10.69
1771,2023-03-22,South,Electronics,Online,134.21,469.14,283.3299999999999,61,24.97
1772,2024-09-09,East,Electronics,In-Store,2077.06,2451.5299999999997,110.85999999999979,23,25.52
1773,2023-04-04,East,Office Supplies,Online,1250.3,1416.02,-32.389999999999986,30,12.72
1774,2023-10-18,West,Electronics,In-Store,4112.46,4486.18,307.60000000000025,60,1.99
1775,2024-08-05,East,Furniture,In-Store,1752.92,1815.5700000000002,-77.6999999999999,18,0.05
1776,2023-04-20,North,Electronics,In-Store,4154.87,4373.76,118.46000000000032,96,15.7
1777,2023-06-17,South,Electronics,In-Store,102.93,434.97,105.74000000000001,56,10.32
1778,2024-06-11,South,Electronics,Online,1608.31,1724.05,-31.22,53,29.91
1779,2024-06-09,North,Electronics,In-Store,1281.71,1702.06,123.34999999999991,7,23.17
1780,2024-04-13,East,Electronics,In-Store,1244.48,1400.24,120.42999999999999,97,22.84
1781,2024-05-21,North,Electronics,Online,434.11,777.64,224.12999999999997,69,28.66
1782,2024-02-01,West,Office Supplies,Online,1016.91,1249.25,77.41000000000003,92,26.63
1783,2023-07-03,South,Office Supplies,Online,2822.19,3140.41,157.3399999999998,72,9.55
1784,2023-09-10,South,Furniture,In-Store,1527.67,1626.02,-10.110000000000085,79,4.98
1785,2023-05-13,South,Office Supplies,In-Store,2145.23,2202.84,-166.57999999999987,52,22.38
1786,2024-10-25,East,Electronics,Online,1946.65,2405.9500000000003,194.37000000000018,4,11.35
1787,2024-03-01,South,Office Supplies,Online,4391.93,4563.26,-111.51000000000005,34,14.2
1788,2023-10-20,South,Electronics,Online,4535.97,4954.820000000001,173.42000000000036,69,18.91
1789,2023-12-04,North,Office Supplies,Online,2515.49,3015.2,241.55,33,27.24
1790,2024-11-22,South,Office Supplies,In-Store,1717.76,1862.9,-29.009999999999906,69,12.57
1791,2023-04-22,North,Furniture,Online,623.32,792.6500000000001,-81.91999999999996,38,23.5
1792,2024-03-03,East,Office Supplies,Online,4771.67,5119.96,243.30999999999995,98,8.05
1793,2024-01-05,South,Furniture,Online,395.11,879.56,352.87999999999994,26,20.94
1794,2024-03-22,South,Electronics,In-Store,1558.49,2020.6100000000001,353.3800000000001,1,0.05
1795,2023-01-14,North,Electronics,Online,1560.52,1836.81,125.41999999999996,4,26.15
1796,2024-09-28,North,Furniture,In-Store,1669.97,2077.77,307.84,39,0.91
1797,2024-11-11,East,Electronics,Online,905.01,1016.1,-178.15999999999997,54,21.38
1798,2024-02-17,North,Furniture,Online,3937.49,4427.34,382.25000000000034,90,1.39
1799,2024-05-23,North,Office Supplies,Online,700.24,1184.2,436.51000000000005,33,7.99
1800,2024-11-04,North,Electronics,Online,3211.04,3334.72,-43.830000000000155,33,14.92
1801,2024-05-31,West,Furniture,Online,706.85,891.59,148.75,72,12.6
1802,2023-04-22,East,Office Supplies,In-Store,445.62,540.69,44.12000000000005,20,5.76
1803,2024-02-25,North,Office Supplies,In-Store,4556.2,4728.47,90.84000000000043,16,10.01
1804,2024-03-18,North,Office Supplies,In-Store,1031.63,1448.8100000000002,267.1600000000001,21,21.83
1805,2023-11-06,North,Furniture,Online,4124.13,4344.37,78.92999999999978,45,20.08
1806,2024-06-21,East,Office Supplies,In-Store,2768.69,2858.4700000000003,-154.1299999999998,90,2.15
1807,2024-11-13,South,Furniture,Online,481.5,685.5,-23.05000000000001,87,22.42
1808,2024-11-06,North,Electronics,Online,4781.7,5273.32,352.2499999999999,82,1.59
1809,2023-11-26,North,Electronics,Online,1310.11,1643.4699999999998,219.9199999999999,62,16.29
1810,2023-03-24,North,Furniture,Online,4312.26,4549.530000000001,128.66000000000042,31,7.8
1811,2024-12-19,South,Electronics,In-Store,927.17,1052.11,-111.78000000000006,42,17.63
1812,2024-09-04,East,Furniture,Online,4284.32,4778.099999999999,459.19999999999976,12,7.84
1813,2023-04-02,North,Furniture,Online,164.82,584.2,395.7900000000001,65,29.55
1814,2024-11-03,North,Electronics,In-Store,2607.72,2784.3799999999997,-66.09000000000015,73,9.29
1815,2024-09-27,North,Furniture,Online,3870.27,3951.8,-72.0699999999998,3,7.26
1816,2024-01-14,West,Furniture,Online,4680.5,4755.98,18.829999999999565,90,8.35
1817,2024-03-07,North,Electronics,Online,4555.09,4659.26,18.21000000000008,9,26.89
1818,2023-10-19,East,Electronics,In-Store,4116.16,4427.51,30.25000000000034,51,19.09
1819,2023-02-09,South,Electronics,In-Store,4452.14,4920.08,207.27999999999957,16,21.92
1820,2023-09-02,North,Electronics,Online,1076.18,1349.71,54.789999999999964,88,27.54
1821,2024-08-09,North,Office Supplies,Online,1492.5,1921.83,274.30999999999995,78,27.36
1822,2023-01-04,North,Electronics,Online,1515.95,1766.6000000000001,84.9600000000001,3,22.17
1823,2023-09-01,South,Furniture,In-Store,1947.56,2316.42,75.79000000000013,98,5.93
1824,2023-10-18,East,Electronics,Online,2027.27,2406.61,88.92000000000013,97,25.3
1825,2024-01-28,South,Electronics,Online,2768.32,2896.6000000000004,48.0000000000002,24,6.11
1826,2024-11-02,South,Office Supplies,Online,883.41,1095.96,-34.559999999999945,73,22.29
1827,2023-09-10,North,Furniture,Online,3487.11,3823.9,261.55999999999995,13,20.57
1828,2023-09-11,West,Electronics,Online,921.08,1002.8900000000001,2.020000000000053,2,22.77
1829,2024-06-22,East,Electronics,In-Store,1620.51,1833.2,3.3800000000000523,71,15.98
1830,2023-11-27,North,Electronics,Online,2566.39,2857.0499999999997,157.25999999999985,21,19.16
1831,2023-06-13,West,Electronics,Online,4002.56,4500.86,217.46999999999974,19,28.6
1832,2023-11-27,South,Furniture,In-Store,3723.4,3986.94,218.61999999999995,89,3.03
1833,2023-04-13,South,Electronics,In-Store,3263.12,3680.35,254.00000000000003,47,9.27
1834,2023-05-09,East,Electronics,Online,863.29,1107.72,-32.759999999999934,22,18.34
1835,2023-12-30,East,Electronics,Online,2780.52,3188.9,135.23000000000013,75,28.92
1836,2023-11-02,South,Office Supplies,Online,528.49,846.4300000000001,254.11000000000007,33,2.87
1837,2024-10-29,North,Office Supplies,In-Store,1949.08,2398.05,326.3100000000003,32,0.68
1838,2023-09-22,North,Electronics,Online,2126.23,2361.15,41.57000000000008,64,1.67
1839,2024-02-28,West,Furniture,In-Store,295.08,617.02,257.31,85,1.57
1840,2024-04-06,North,Electronics,In-Store,1442.54,1776.05,42.45999999999998,39,27.23
1841,2023-01-10,North,Electronics,Online,4782.68,5020.5,-38.31000000000029,84,21.64
1842,2024-04-29,South,Furniture,Online,4772.8,4887.74,48.1899999999996,72,20.31
1843,2023-05-10,South,Office Supplies,Online,1826.4,1918.5,38.17999999999991,42,15.68
1844,2024-12-02,South,Office Supplies,Online,311.19,368.69,13.590000000000003,9,23.46
1845,2023-04-19,West,Furniture,Online,977.57,1420.66,168.45000000000005,25,4.67
1846,2023-10-30,North,Electronics,In-Store,2021.87,2178.2799999999997,82.19999999999986,89,11.76
1847,2023-03-04,North,Furniture,In-Store,4744.12,4889.3,8.620000000000289,97,14.7
1848,2024-12-28,North,Electronics,Online,791.88,1173.1,235.5399999999999,2,3.31
1849,2024-01-02,East,Furniture,In-Store,3841.23,4035.24,6.289999999999765,19,12.59
1850,2024-03-10,South,Electronics,Online,632.54,910.26,237.63000000000002,20,9.5
1851,2023-02-18,North,Furniture,Online,4908.16,5031.29,39.640000000000114,93,1.07
1852,2024-07-01,East,Electronics,Online,1969.92,2451.81,201.06999999999988,70,4.1
1853,2023-06-03,East,Electronics,In-Store,3898.65,4331.86,158.85999999999956,17,22.92
1854,2024-10-17,East,Office Supplies,In-Store,1778.7,2217.41,199.94999999999982,89,0.54
1855,2023-05-30,West,Electronics,In-Store,3175.58,3408.63,207.62000000000018,68,28.03
1856,2023-05-20,North,Furniture,Online,1040.88,1433.94,281.49999999999994,94,2.59
1857,2023-01-27,East,Electronics,Online,815.5,930.24,-81.09,84,23.98
1858,2023-12-11,South,Electronics,Online,4696.51,4750.39,-43.16999999999989,3,26.96
1859,2024-02-17,East,Electronics,Online,4596.47,4655.46,-215.69000000000023,87,28.23
1860,2023-02-17,East,Electronics,In-Store,4448.6,4762.570000000001,116.48000000000025,51,26.02
1861,2024-07-20,East,Office Supplies,In-Store,3164.62,3419.5499999999997,214.79999999999984,82,8.63
1862,2023-11-27,South,Electronics,In-Store,4060.51,4343.62,8.58999999999969,26,9.99
1863,2024-01-18,North,Office Supplies,Online,438.28,491.64,-234.81,56,12.8
1864,2023-11-18,South,Furniture,Online,1740.47,1980.68,198.45000000000005,64,4.18
1865,2023-10-20,West,Electronics,Online,1637.15,2010.2800000000002,204.0700000000001,8,0.67
1866,2024-02-13,West,Furniture,Online,3214.66,3463.87,144.27000000000004,81,26.07
1867,2023-04-24,North,Furniture,Online,1844.19,2223.69,249.51,95,16.62
1868,2023-05-13,North,Furniture,In-Store,827.68,982.54,84.56000000000002,37,18.26
1869,2024-09-21,North,Electronics,In-Store,3022.69,3438.6,234.04999999999984,97,27.81
1870,2024-11-21,East,Electronics,Online,4090.48,4405.27,26.5600000000004,27,19.95
1871,2023-09-30,East,Office Supplies,Online,1972.41,2117.25,-16.020000000000095,45,20.73
1872,2023-07-17,North,Office Supplies,Online,748.12,904.64,113.29999999999998,4,23.61
1873,2024-04-15,South,Office Supplies,Online,1063.77,1396.38,139.01000000000013,86,3.49
1874,2023-10-26,East,Electronics,In-Store,1263.67,1687.14,308.21000000000004,90,10.8
1875,2023-01-19,East,Furniture,Online,1569.5,1806.53,-22.630000000000052,96,29.05
1876,2023-04-24,South,Electronics,Online,3249.7,3415.9399999999996,24.529999999999774,88,27.69
1877,2024-06-06,South,Electronics,Online,3044.63,3484.79,366.15999999999985,99,26.52
1878,2024-04-26,South,Electronics,In-Store,3510.79,3861.96,277.6600000000001,37,13.56
1879,2023-01-20,North,Furniture,Online,1876.26,2127.9,16.3900000000001,96,25.72
1880,2023-06-12,South,Electronics,Online,4137.59,4407.150000000001,175.2000000000004,71,1.45
1881,2023-06-18,South,Electronics,Online,1100.03,1241.95,-92.90999999999994,33,4.46
1882,2024-05-05,East,Office Supplies,In-Store,2398.3,2730.36,254.40999999999994,31,12.42
1883,2023-01-15,South,Electronics,In-Store,4024.6,4236.03,101.35999999999984,55,14.5
1884,2023-03-17,East,Electronics,Online,982.78,1480.82,347.69999999999993,12,7.91
1885,2024-08-06,North,Electronics,In-Store,638.33,904.4100000000001,-18.009999999999934,11,10.69
1886,2023-05-11,South,Office Supplies,In-Store,4430.05,4698.7,-12.23000000000036,88,4.88
1887,2024-04-21,North,Furniture,In-Store,1780.36,2084.99,226.70999999999987,72,14.67
1888,2023-06-23,North,Electronics,In-Store,3450.96,3913.5,342.23999999999995,32,23.82
1889,2023-03-14,East,Office Supplies,In-Store,224.21,634.58,348.54,57,19.84
1890,2023-06-27,West,Office Supplies,Online,3481.23,3734.24,90.20999999999975,38,3.23
1891,2024-06-11,North,Electronics,In-Store,1648.9,2022.3100000000002,224.45000000000007,60,14.63
1892,2024-09-16,South,Furniture,Online,373.13,686.94,41.60000000000008,86,20.93
1893,2024-08-29,East,Furniture,In-Store,3088.08,3359.65,-8.829999999999814,98,15.9
1894,2023-10-17,North,Furniture,Online,1279.94,1416.48,9.139999999999958,19,11.75
1895,2024-05-02,South,Electronics,In-Store,1995.36,2254.13,101.08000000000021,84,18.66
1896,2023-05-30,East,Office Supplies,In-Store,494.85,655.47,-110.32999999999998,56,29.06
1897,2023-08-02,South,Furniture,Online,821.1,1282.78,215.79999999999995,14,2.85
1898,2024-10-16,North,Electronics,In-Store,1560.09,1761.02,179.91000000000005,33,11.7
1899,2023-01-10,North,Electronics,Online,539.82,1018.34,368.9,10,12.2
1900,2023-03-04,East,Electronics,In-Store,4563.05,4852.92,151.7699999999999,80,17.31
1901,2023-06-01,South,Electronics,Online,129.63,463.82,249.87,64,4.57
1902,2023-01-20,North,Furniture,Online,2470.92,2765.2400000000002,218.44000000000017,64,5.3
1903,2023-05-13,East,Electronics,In-Store,703.91,812.13,77.64000000000003,62,8.56
1904,2024-03-01,North,Electronics,Online,1607.63,1826.75,18.979999999999905,68,28.68
1905,2023-11-04,East,Furniture,In-Store,4637.69,4732.3099999999995,1.1199999999998909,91,22.02
1906,2024-10-13,North,Electronics,Online,892.3,1222.6299999999999,295.66999999999996,92,19.85
1907,2024-08-19,West,Office Supplies,Online,4832.58,5083.67,166.42000000000013,43,24.51
1908,2023-09-07,North,Electronics,Online,1108.39,1508.48,155.54999999999993,80,3.83
1909,2023-07-09,North,Electronics,Online,3733.67,3882.88,-109.20999999999998,59,25.78
1910,2023-10-05,North,Electronics,Online,2778.72,2902.77,-31.20999999999981,52,17.84
1911,2024-03-06,North,Electronics,Online,4433.95,4666.8,96.35000000000036,97,10.06
1912,2023-07-15,East,Electronics,Online,2814.57,3281.53,173.16000000000003,19,24.48
1913,2024-03-31,West,Furniture,Online,2719.34,3089.03,293.5300000000001,21,24.08
1914,2023-10-26,North,Office Supplies,In-Store,1057.74,1296.26,158.21999999999997,22,25.37
1915,2024-02-07,South,Electronics,In-Store,914.52,1197.29,181.04999999999998,9,3.47
1916,2023-11-15,East,Furniture,Online,4590.8,4678.7,19.52999999999963,9,29.08
1917,2023-08-03,East,Furniture,In-Store,1706.41,2199.4700000000003,366.84000000000015,73,28.79
1918,2024-11-23,South,Office Supplies,Online,1923.2,2273.08,74.84999999999991,27,10.72
1919,2024-07-11,North,Electronics,In-Store,3823.14,4001.5699999999997,-13.870000000000175,17,1.98
1920,2023-04-13,South,Electronics,In-Store,1760.24,2073.85,178.2599999999999,44,5.01
1921,2024-09-25,South,Electronics,In-Store,4765.11,4864.38,-182.36999999999955,45,29.78
1922,2023-12-22,North,Furniture,Online,3715.85,4200.48,451.05999999999966,8,16.89
1923,2024-10-15,South,Office Supplies,In-Store,3027.4,3156.05,49.770000000000095,80,10.7
1924,2024-08-06,North,Electronics,Online,4416.39,4758.0,163.15999999999968,18,8.65
1925,2023-11-07,East,Electronics,In-Store,343.07,503.52,-31.900000000000006,33,7.71
1926,2023-01-17,North,Office Supplies,Online,1359.61,1732.5099999999998,341.8199999999999,1,19.92
1927,2023-07-16,South,Office Supplies,In-Store,2378.68,2778.25,266.72000000000014,76,12.58
1928,2024-01-31,South,Office Supplies,In-Store,1212.19,1565.23,151.27999999999997,6,28.96
1929,2024-04-07,South,Furniture,In-Store,3745.14,4071.66,111.05999999999997,41,20.52
1930,2023-07-08,North,Electronics,Online,4604.12,5055.73,252.92999999999967,55,23.76
1931,2023-04-12,South,Furniture,In-Store,2176.47,2261.85,-24.379999999999896,5,8.78
1932,2024-09-01,South,Furniture,Online,1776.45,1975.3600000000001,152.72000000000008,59,2.38
1933,2024-12-19,South,Electronics,In-Store,4811.6,4973.33,22.13999999999956,80,14.63
1934,2024-01-19,South,Furniture,Online,2279.78,2774.3900000000003,438.5600000000001,18,9.44
1935,2023-05-06,South,Furniture,Online,2496.34,2721.57,-60.099999999999966,49,6.06
1936,2023-07-18,East,Electronics,Online,1823.08,2202.7599999999998,226.62999999999982,82,28.58
1937,2023-01-14,North,Furniture,Online,4556.79,4914.92,249.30000000000013,65,13.32
1938,2024-10-29,East,Furniture,Online,2887.88,3033.32,-89.12999999999994,83,5.24
1939,2023-03-27,South,Office Supplies,Online,3834.66,3992.21,-1.879999999999825,54,5.96
1940,2024-02-25,North,Electronics,Online,4077.85,4254.43,69.77000000000038,61,8.42
1941,2023-07-20,North,Electronics,In-Store,1775.06,2010.07,-12.340000000000003,8,29.98
1942,2024-02-09,North,Furniture,In-Store,2225.1,2380.5499999999997,-107.3500000000002,3,8.04
1943,2024-04-20,East,Electronics,Online,4257.51,4316.35,-149.59999999999985,25,9.86
1944,2024-08-28,East,Furniture,Online,1879.95,2325.6800000000003,412.58000000000027,69,19.78
1945,2023-05-31,East,Furniture,Online,3990.28,4474.8,305.95,55,8.82
1946,2023-01-09,South,Electronics,Online,4710.86,4914.57,-30.009999999999962,40,6.47
1947,2023-04-10,South,Furniture,In-Store,3153.73,3356.06,144.10999999999993,83,4.76
1948,2024-10-19,North,Furniture,In-Store,3733.97,3787.16,-30.839999999999947,82,9.38
1949,2024-09-29,North,Electronics,Online,4044.98,4401.09,89.0100000000001,50,3.18
1950,2024-03-12,South,Office Supplies,Online,4240.69,4662.139999999999,395.8199999999998,95,0.56
1951,2024-03-14,North,Office Supplies,Online,2035.76,2151.73,-114.78999999999996,33,24.14
1952,2024-04-30,North,Furniture,In-Store,351.19,473.03999999999996,-30.81000000000003,18,4.14
1953,2023-05-09,South,Furniture,In-Store,2069.19,2474.73,260.43999999999994,57,23.28
1954,2024-10-29,East,Electronics,Online,3401.41,3728.74,305.3399999999999,16,23.93
1955,2023-11-02,West,Office Supplies,Online,2306.72,2376.91,-179.23999999999995,80,16.14
1956,2023-10-07,West,Furniture,In-Store,3769.92,4100.07,209.39999999999964,38,9.29
1957,2024-01-14,South,Furniture,In-Store,1849.21,2038.22,17.599999999999994,41,4.35
1958,2023-02-04,South,Office Supplies,Online,3210.25,3426.18,6.28999999999985,7,22.1
1959,2023-05-02,South,Electronics,Online,1013.46,1409.8400000000001,179.6400000000001,78,18.04
1960,2024-06-22,East,Office Supplies,Online,3771.91,4186.83,127.25000000000006,53,19.66
1961,2023-03-02,North,Electronics,Online,2773.91,3004.0699999999997,61.37999999999985,63,0.26
1962,2024-03-16,South,Electronics,Online,1099.92,1576.14,344.30000000000007,89,27.83
1963,2023-06-29,East,Electronics,Online,1530.36,1763.27,-54.12999999999994,32,1.99
1964,2023-10-12,North,Office Supplies,Online,3768.18,4165.51,197.5400000000004,38,11.0
1965,2023-07-30,South,Office Supplies,Online,2464.75,2732.49,164.25999999999976,22,12.08
1966,2023-09-17,South,Furniture,In-Store,1158.55,1612.44,398.48000000000013,16,0.04
1967,2024-06-08,North,Furniture,Online,4839.63,5298.12,202.5699999999998,52,14.91
1968,2023-08-05,North,Furniture,Online,3604.11,3693.4500000000003,-32.06999999999985,29,22.58
1969,2024-02-18,North,Office Supplies,Online,4789.96,5261.38,266.49000000000007,16,24.7
1970,2023-12-14,North,Electronics,Online,2192.81,2614.3,269.6600000000002,76,26.38
1971,2024-04-29,North,Electronics,In-Store,2427.99,2834.08,330.39000000000016,17,14.63
1972,2024-11-14,East,Electronics,Online,4499.98,4640.389999999999,-48.060000000000144,64,18.92
1973,2024-06-18,North,Furniture,Online,2672.74,3085.04,375.3100000000002,91,2.39
1974,2023-06-06,South,Furniture,In-Store,3565.67,3998.23,296.81999999999994,89,14.64
1975,2023-01-23,North,Electronics,Online,1335.65,1515.77,7.0699999999998795,13,4.64
1976,2023-07-11,West,Electronics,In-Store,2288.96,2767.48,336.42999999999995,72,11.09
1977,2024-03-10,North,Office Supplies,Online,704.9,777.3399999999999,-157.19000000000005,56,9.88
1978,2023-02-07,South,Electronics,Online,1109.3,1226.76,-134.35999999999996,5,12.71
1979,2023-12-29,East,Furniture,Online,104.62,396.53000000000003,55.960000000000036,12,17.15
1980,2024-03-11,East,Office Supplies,Online,292.4,601.51,278.24,41,27.09
1981,2023-09-01,North,Electronics,In-Store,4888.69,5229.009999999999,265.9599999999997,3,11.83
1982,2024-07-16,East,Electronics,In-Store,1287.53,1345.17,-112.6099999999999,99,29.43
1983,2023-03-19,South,Furniture,Online,3350.22,3832.39,200.42000000000007,33,22.77
1984,2023-02-24,South,Office Supplies,Online,4211.59,4281.650000000001,-183.7299999999996,86,15.34
1985,2024-06-15,North,Furniture,In-Store,2798.24,2912.62,-141.5299999999999,50,19.32
1986,2023-12-28,North,Office Supplies,In-Store,850.41,906.72,-48.58999999999995,56,3.07
1987,2024-05-17,East,Electronics,Online,3667.77,3972.86,164.84000000000015,9,25.34
1988,2023-11-14,South,Furniture,Online,3041.23,3510.75,317.71999999999997,82,17.47
1989,2023-06-29,South,Furniture,Online,3683.13,4032.81,285.61999999999983,50,29.58
1990,2024-08-20,East,Office Supplies,In-Store,3871.76,4291.96,391.49999999999983,29,19.09
1991,2024-08-06,East,Electronics,Online,4879.51,4935.49,-229.15000000000043,39,25.02
1992,2024-05-22,North,Office Supplies,Online,2910.46,3204.37,206.50999999999985,91,23.99
1993,2023-07-18,South,Furniture,In-Store,1774.04,2030.84,169.60999999999996,45,10.36
1994,2024-03-06,North,Electronics,Online,3277.48,3552.02,231.18999999999997,17,7.79
1995,2023-09-21,East,Electronics,Online,435.36,517.86,-197.48000000000002,56,12.91
1996,2023-03-08,South,Office Supplies,Online,4497.25,4855.25,175.67,98,14.02
1997,2024-10-31,West,Electronics,Online,684.97,961.4200000000001,69.68000000000004,46,7.2
1998,2023-04-10,North,Electronics,Online,1706.43,2100.75,119.07999999999993,67,26.84
1999,2024-11-24,North,Electronics,Online,4097.15,4365.53,151.61000000000013,69,16.28
2000,2023-11-22,North,Office Supplies,Online,3026.83,3144.0499999999997,-76.80000000000021,14,29.35
